details,details_assist1PlayerId,details_assist1PlayerTotal,details_assist2PlayerId,details_assist2PlayerTotal,details_awaySOG,details_awayScore,details_blockingPlayerId,details_committedByPlayerId,details_descKey,details_discreteClip,details_discreteClipFr,details_drawnByPlayerId,details_duration,details_eventOwnerTeamId,details_goalieInNetId,details_highlightClip,details_highlightClipFr,details_highlightClipSharingUrl,details_highlightClipSharingUrlFr,details_hitteePlayerId,details_hittingPlayerId,details_homeSOG,details_homeScore,details_losingPlayerId,details_playerId,details_reason,details_scoringPlayerId,details_scoringPlayerTotal,details_secondaryReason,details_shootingPlayerId,details_shotType,details_typeCode,details_winningPlayerId,details_xCoord,details_yCoord,details_zoneCode,eventId,homeTeamDefendingSide,periodDescriptor,periodDescriptor_maxRegulationPeriods,periodDescriptor_number,periodDescriptor_otPeriods,periodDescriptor_periodType,pptReplayUrl,situationCode,sortOrder,timeInPeriod,timeRemaining,typeCode,typeDescKey
,,,,,,,,,,,,,,,,,,,,,,,,,,,,,,,,,,,,,52,right,,3,1,,REG,,1551,8,00:00,20:00,520,period-start
,,,,,,,,,,,,,,52,,,,,,,,,,8476889,,,,,,,,,8480289,0,0,N,51,right,,3,1,,REG,,1551,11,00:00,20:00,502,faceoff
,,,,,,,,,,,,,,19,,,,,,8474568,8480281,,,,,,,,,,,,,96,-18,N,68,right,,3,1,,REG,,1551,12,00:24,19:36,503,hit
,,,,,,,,,,,,,,52,,,,,,,,,,,8474568,,,,,,,,,97,-19,D,65,right,,3,1,,REG,,1551,13,00:25,19:35,504,giveaway
,,,,,,,8476331,,,,,,,19,,,,,,,,,,,,blocked,,,,8477402,,,,82,-6,D,62,right,,3,1,,REG,,1551,21,00:47,19:13,508,blocked-shot
,,,,,,,,,,,,,,,,,,,,,,,,,,puck-in-netting,,,,,,,,,,,8,right,,3,1,,REG,,1551,22,00:49,19:11,516,stoppage
,,,,,,,,,,,,,,52,,,,,,,,,,8480023,,,,,,,,,8476480,69,-22,D,63,right,,3,1,,REG,,1551,23,00:49,19:11,502,faceoff
,,,,,,,,,,,,,,52,,,,,,8475764,8476480,,,,,,,,,,,,,-34,39,O,85,right,,3,1,,REG,,1551,24,01:01,18:59,503,hit
,,,,,,,,,,,,,,52,,,,,,8477402,8480014,,,,,,,,,,,,,59,39,D,91,right,,3,1,,REG,,1551,25,01:06,18:54,503,hit
,8476892,5,8477402,5,,1,,,,6372346901112,6372348561112,,,19,8476945,6372348066112,6372347968112,https://nhl.com/video/stl-wpg-kyrou-scores-goal-against-connor-hellebuyck-6372348066112,https://nhl.com/fr/video/stl-wpg-kyrou-marque-un-but-contre-connor-hellebuyck-6372347968112,,,,0,,,,8479385,3,,,backhand,,,84,0,O,66,right,,3,1,,REG,https://wsr.nhle.com/sprites/20242025/2024030157/ev66.json,1551,26,01:10,18:50,505,goal
,,,,,,,,,,,,,,19,,,,,,,,,,8476392,,,,,,,,,8475170,0,0,N,67,right,,3,1,,REG,,1551,29,01:10,18:50,502,faceoff
,,,,,,,,,,,,,,19,,,,,,,,,,,8482089,,,,,,,,,4,38,N,81,right,,3,1,,REG,,1551,30,01:13,18:47,504,giveaway
,,,,,,,,,,,,,,19,,,,,,,,,,,8481598,,,,,,,,,-89,20,D,94,right,,3,1,,REG,,1551,31,01:24,18:36,504,giveaway
,,,,,,,8475753,,,,,,,52,,,,,,,,,,,,blocked,,,,8477940,,,,-75,4,D,73,right,,3,1,,REG,,1551,32,01:25,18:35,508,blocked-shot
,,,,,0,,,,,,,,,52,8476412,,,,,,,1,,,,,,,,8480049,wrist,,,-36,-30,O,74,right,,3,1,,REG,,1551,33,01:30,18:30,506,shot-on-goal
,,,,,,,,,,,,,,,,,,,,,,,,,,puck-in-netting,,,,,,,,,,,9,right,,3,1,,REG,,1551,34,01:32,18:28,516,stoppage
,,,,,,,,,,,,,,19,,,,,,,,,,8476392,,,,,,,,,8480023,-69,-22,D,75,right,,3,1,,REG,,1551,36,01:32,18:28,502,faceoff
,,,,,1,,,,,,,,,19,8476945,,,,,,,1,,,,,,,,8476897,slap,,,28,35,O,82,right,,3,1,,REG,,1551,40,02:07,17:53,506,shot-on-goal
,,,,,,,,,,,,,,52,,,,,,8475170,8479293,,,,,,,,,,,,,-38,36,D,527,right,,3,1,,REG,,1551,48,02:36,17:24,503,hit
,,,,,,,,,,,,,,52,,,,,,8483516,8479293,,,,,,,,,,,,,37,-42,D,123,right,,3,1,,REG,,1551,51,02:45,17:15,503,hit
,,,,,,,,,,,,,,19,,,,,,8474568,8477573,,,,,,,,,,,,,97,0,N,139,right,,3,1,,REG,,1551,60,03:19,16:41,503,hit
,,,,,,,,,,,,,,19,,,,,,8478891,8477573,,,,,,,,,,,,,57,39,N,150,right,,3,1,,REG,,1551,61,03:26,16:34,503,hit
,,,,,,,,,,,,,,19,8476945,,,,,,,,,,,wide-left,,,,8480281,slap,,,49,34,O,104,right,,3,1,,REG,,1551,62,03:27,16:33,507,missed-shot
,,,,,,,,,,,,,,19,8476945,,,,,,,,,,,wide-left,,,,8476892,slap,,,34,-39,O,105,right,,3,1,,REG,,1551,63,03:30,16:30,507,missed-shot
,,,,,,,,,,,,,,19,,,,,,8477938,8476892,,,,,,,,,,,,,80,-37,N,205,right,,3,1,,REG,,1551,66,03:40,16:20,503,hit
,,,,,,,8479293,,,,,,,19,,,,,,,,,,,,blocked,,,,8477402,,,,42,-21,D,108,right,,3,1,,REG,,1551,67,03:41,16:19,508,blocked-shot
,,,,,2,,,,,,,,,19,8476945,,,,,,,1,,,,,,,,8480023,wrist,,,75,14,O,109,right,,3,1,,REG,,1551,68,03:44,16:16,506,shot-on-goal
,,,,,,,,,,,,,,,,,,,,,,,,,,goalie-stopped-after-sog,,,,,,,,,,,10,right,,3,1,,REG,,1551,69,03:46,16:14,516,stoppage
,,,,,,,,,,,,,,52,,,,,,,,,,8480023,,,,,,,,,8476480,69,22,D,110,right,,3,1,,REG,,1551,72,03:46,16:14,502,faceoff
,,,,,,,,,,,,,,52,,,,,,,,,,,8480145,,,,,,,,,40,-25,D,130,right,,3,1,,REG,,1551,73,04:08,15:52,525,takeaway
,,,,,,,,,,,,,,19,8476945,,,,,,,,,,,wide-right,,,,8482737,wrist,,,74,32,O,122,right,,3,1,,REG,,1551,81,04:33,15:27,507,missed-shot
,,,,,,,,,,,,,,19,,,,,,8477504,8476897,,,,,,,,,,,,,99,-13,N,217,right,,3,1,,REG,,1551,82,04:59,15:01,503,hit
,,,,,,,,,,,,,,52,,,,,,8475764,8475799,,,,,,,,,,,,,-67,39,O,226,right,,3,1,,REG,,1551,87,05:11,14:49,503,hit
,,,,,,,,,,,,,,52,,,,,,8475181,8476392,,,,,,,,,,,,,3,37,N,232,right,,3,1,,REG,,1551,97,05:43,14:17,503,hit
,,,,,,,,,,,,,,19,,,,,,8476331,8476889,,,,,,,,,,,,,94,29,N,242,right,,3,1,,REG,,1551,99,05:46,14:14,503,hit
,,,,,,,,,,,,,,19,,,,,,8480145,8477573,,,,,,,,,,,,,97,2,N,244,right,,3,1,,REG,,1551,105,06:08,13:52,503,hit
,,,,,,,,,,,,,,19,,,,,,8477938,8477573,,,,,,,,,,,,,33,40,N,245,right,,3,1,,REG,,1551,106,06:14,13:46,503,hit
,,,,,,,,,,,,,,52,,,,,,8478472,8477504,,,,,,,,,,,,,-21,-39,N,248,right,,3,1,,REG,,1551,121,07:08,12:52,503,hit
,,,,,,2,,,,6372347772112,6372347003112,,,19,8476945,6372348273112,6372347413112,https://nhl.com/video/stl-wpg-joseph-scores-goal-against-connor-hellebuyck-6372348273112,https://nhl.com/fr/video/stl-wpg-joseph-marque-un-but-contre-connor-hellebuyck-6372347413112,,,,0,,,,8478472,1,,,wrist,,,55,18,O,160,right,,3,1,,REG,https://wsr.nhle.com/sprites/20242025/2024030157/ev160.json,1551,123,07:16,12:44,505,goal
,,,,,,,,,,,,,,19,,,,,,,,,,8476392,,,,,,,,,8475170,0,0,N,161,right,,3,1,,REG,,1551,126,07:16,12:44,502,faceoff
,,,,,,,,,,,,,,19,,,,,,8476392,8476892,,,,,,,,,,,,,85,-36,N,253,right,,3,1,,REG,,1551,127,07:31,12:29,503,hit
,,,,,,,,,,,,,,52,,,,,,,,,,,8477940,,,,,,,,,-54,40,O,183,right,,3,1,,REG,,1551,129,07:51,12:09,504,giveaway
,,,,,,,8477938,,,,,,,19,,,,,,,,,,,,blocked,,,,8480281,,,,65,19,D,167,right,,3,1,,REG,,1551,131,07:57,12:03,508,blocked-shot
,,,,,,,,,,,,,,52,,,,,,8483516,8476392,,,,,,,,,,,,,67,39,D,267,right,,3,1,,REG,,1551,132,08:00,12:00,503,hit
,,,,,,,,,,,,,,19,,,,,,,,,,,8475753,,,,,,,,,17,4,N,184,right,,3,1,,REG,,1551,141,08:32,11:28,504,giveaway
,,,,,,,,,,,,,,19,,,,,,8475799,8475181,,,,,,,,,,,,,-10,37,N,295,right,,3,1,,REG,,1551,143,08:36,11:24,503,hit
,,,,,3,,,,,,,,,19,8476945,,,,,,,1,,,,,,,,8477402,wrist,,,58,14,O,186,right,,3,1,,REG,,1551,151,09:17,10:43,506,shot-on-goal
,,,,,,,8478472,,,,,,,52,,,,,,,,,,,,blocked,,,,8480014,,,,-74,24,D,351,right,,3,1,,REG,,1551,156,09:28,10:32,508,blocked-shot
,,,,,,,,,,,,,,52,,,,,,8482737,8474568,,,,,,,,,,,,,70,-40,D,455,right,,3,1,,REG,,1551,159,09:39,10:21,503,hit
,,,,,,,,,,,,,,19,8476945,,,,,,,,,,,wide-left,,,,8476892,slap,,,33,7,O,401,right,,3,1,,REG,,1551,160,09:42,10:18,507,missed-shot
,,,,,,,,,,,,,,52,,,,,,8476897,8474568,,,,,,,,,,,,,95,26,D,462,right,,3,1,,REG,,1551,161,09:46,10:14,503,hit
,,,,,4,,,,,,,,,19,8476945,,,,,,,1,,,,,,,,8483516,wrist,,,48,21,O,200,right,,3,1,,REG,,1551,168,09:56,10:04,506,shot-on-goal
,,,,,,,,,,,,,,19,,,,,,,,,,,8482089,,,,,,,,,26,-39,O,221,right,,3,1,,REG,,1551,171,10:08,09:52,504,giveaway
,,,,,,,,,,,,,,19,,,,,,8480145,8483516,,,,,,,,,,,,,59,40,N,467,right,,3,1,,REG,,1551,172,10:18,09:42,503,hit
,,,,,,,,,,,,,,52,,,,,,8476889,8476331,,,,,,,,,,,,,77,38,D,478,right,,3,1,,REG,,1551,181,10:51,09:09,503,hit
,,,,,,,,,,,,,,19,,,,,,8478891,8481598,,,,,,,,,,,,,-98,-22,N,479,right,,3,1,,REG,,1551,188,11:16,08:44,503,hit
,,,,,4,,,,,,,,,52,8476412,,,,,,,2,,,,,,,,8474568,slap,,,-41,31,O,222,right,,3,1,,REG,,1551,189,11:24,08:36,506,shot-on-goal
,,,,,,,,,,,,,,,,,,,,,,,,,,icing,,,,,,,,,,,11,right,,3,1,,REG,,1551,190,11:32,08:28,516,stoppage
,,,,,,,,,,,,,,19,,,,,,,,,,8476480,,,,,,,,,8480023,-69,-22,D,223,right,,3,1,,REG,,1551,192,11:32,08:28,502,faceoff
,,,,,,,,,,,,,,19,,,,,,8476480,8482737,,,,,,,,,,,,,-42,-38,N,482,right,,3,1,,REG,,1551,198,11:52,08:08,503,hit
,,,,,,,,,,,,,,52,,,,,,8476897,8480145,,,,,,,,,,,,,11,39,N,483,right,,3,1,,REG,,1551,199,12:02,07:58,503,hit
,,,,,,,,,,,,,,,,,,,,,,,,,,puck-in-benches,,,tv-timeout,,,,,,,,12,right,,3,1,,REG,,1551,208,12:31,07:29,516,stoppage
,,,,,,,,,,,,,,19,,,,,,,,,,8476392,,,,,,,,,8475170,20,22,N,241,right,,3,1,,REG,,1551,211,12:31,07:29,502,faceoff
,,,,,,,,,,,,,,,,,,,,,,,,,,offside,,,,,,,,,,,13,right,,3,1,,REG,,1551,212,12:40,07:20,516,stoppage
,,,,,,,,,,,,,,19,,,,,,,,,,8476392,,,,,,,,,8476897,20,-22,N,249,right,,3,1,,REG,,1551,215,12:40,07:20,502,faceoff
,,,,,,,,,,,,,,52,,,,,,8481598,8482149,,,,,,,,,,,,,5,42,N,488,right,,3,1,,REG,,1551,216,12:45,07:15,503,hit
,,,,,,,,,,,,,,52,8476412,,,,,,,,,,,wide-right,,,,8477940,wrist,,,-40,-4,O,254,right,,3,1,,REG,,1551,217,12:58,07:02,507,missed-shot
,,,,,,,,,,,,,,19,,,,,,,,,,,8480023,,,,,,,,,75,-39,O,276,right,,3,1,,REG,,1551,223,13:19,06:41,504,giveaway
,,,,,,,,,,,,,,52,,,,,,8475181,8480289,,,,,,,,,,,,,-96,0,O,508,right,,3,1,,REG,,1551,238,14:23,05:37,503,hit
,,,,,4,,,,,,,,,52,8476412,,,,,,,3,,,,,,,,8478891,wrist,,,-41,0,O,278,right,,3,1,,REG,,1551,242,14:39,05:21,506,shot-on-goal
,,,,,,,,,,,,,,52,,,,,,8482089,8480113,,,,,,,,,,,,,-53,38,O,511,right,,3,1,,REG,,1551,249,15:00,05:00,503,hit
,,,,,,,,,,,,,,52,,,,,,8483516,8476952,,,,,,,,,,,,,-42,39,O,513,right,,3,1,,REG,,1551,250,15:02,04:58,503,hit
,,,,,,,8475170,,,,,,,52,,,,,,,,,,,,blocked,,,,8476952,,,,-74,33,D,552,right,,3,1,,REG,,1551,252,15:06,04:54,508,blocked-shot
,,,,,5,,,,,,,,,19,8476945,,,,,,,3,,,,,,,,8477402,wrist,,,63,-28,O,453,right,,3,1,,REG,,1551,266,16:14,03:46,506,shot-on-goal
,,,,,,,,,,,,,,19,,,,,,,,,,,8475753,,,,,,,,,18,-38,N,468,right,,3,1,,REG,,1551,267,16:18,03:42,504,giveaway
,,,,,,,,,,,,,,19,,,,,,8476480,8475753,,,,,,,,,,,,,-73,-39,N,515,right,,3,1,,REG,,1551,268,16:23,03:37,503,hit
,,,,,,,8481598,,,,,,,52,,,,,,,,,,,,blocked,,,,8478398,,,,-77,5,D,551,right,,3,1,,REG,,1551,269,16:34,03:26,508,blocked-shot
,,,,,,,,,,,,,,19,,,,,,8476331,8479385,,,,,,,,,,,,,-73,-39,N,517,right,,3,1,,REG,,1551,270,16:37,03:23,503,hit
,,,,,,,,,,,,,,19,,,,,,8476392,8477573,,,,,,,,,,,,,-7,-39,N,519,right,,3,1,,REG,,1551,279,17:06,02:54,503,hit
,,,,,,,,,,,,,,52,,,,,,8476889,8477940,,,,,,,,,,,,,20,-40,N,520,right,,3,1,,REG,,1551,280,17:10,02:50,503,hit
,,,,,,,,,,,,,,52,,,,,,8477573,8477938,,,,,,,,,,,,,97,-12,O,521,right,,3,1,,REG,,1551,282,17:14,02:46,503,hit
,,,,,,,,,,,,,,,,,,,,,,,,,,offside,,,tv-timeout,,,,,,,,14,right,,3,1,,REG,,1551,290,17:46,02:14,516,stoppage
,,,,,,,,,,,,,,52,,,,,,,,,,8480023,,,,,,,,,8476480,-20,-22,N,476,right,,3,1,,REG,,1551,293,17:46,02:14,502,faceoff
,,,,,,,,,,,,,,52,,,,,,,,,,,8480014,,,,,,,,,-57,39,O,498,right,,3,1,,REG,,1551,294,17:54,02:06,525,takeaway
,,,,,,,,,,,,,,,,,,,,,,,,,,high-stick,,,,,,,,,,,15,right,,3,1,,REG,,1551,295,17:55,02:05,516,stoppage
,,,,,,,,,,,,,,52,,,,,,,,,,8476889,,,,,,,,,8480014,-20,22,N,484,right,,3,1,,REG,,1551,298,17:55,02:05,502,faceoff
,,,,,,,,,,,,,,52,,,,,,8480281,8474568,,,,,,,,,,,,,19,41,N,522,right,,3,1,,REG,,1551,299,18:17,01:43,503,hit
,,,,,,,,,,,,,,52,,,,,,8477573,8474568,,,,,,,,,,,,,96,-23,O,523,right,,3,1,,REG,,1551,305,18:25,01:35,503,hit
,,,,,,,,,,,,,,52,,,,,,8477402,8482149,,,,,,,,,,,,,-49,-39,D,524,right,,3,1,,REG,,1551,309,18:37,01:23,503,hit
,,,,,,,8480145,,,,,,,19,,,,,,,,,,,,blocked,,,,8479385,,,,50,1,D,497,right,,3,1,,REG,,1551,310,18:41,01:19,508,blocked-shot
,,,,,,,,,,,,,,52,,,,,,8481598,8482149,,,,,,,,,,,,,-13,38,N,525,right,,3,1,,REG,,1551,311,18:53,01:07,503,hit
,,,,,,,,,,,,,,19,,,,,,8477940,8480023,,,,,,,,,,,,,-13,38,N,526,right,,3,1,,REG,,1551,312,18:55,01:05,503,hit
,,,,,,,,,,,,,,19,,,,,,,,,,,8475753,,,,,,,,,-66,-12,D,509,right,,3,1,,REG,,1551,319,19:04,00:56,504,giveaway
,,,,,,,,,,,,,,,,,,,,,,,,,,puck-in-crowd,,,tv-timeout,,,,,,,,16,right,,3,1,,REG,,1551,321,19:19,00:41,516,stoppage
,,,,,,,,,,,,,,19,,,,,,,,,,8480289,,,,,,,,,8475170,0,0,N,506,right,,3,1,,REG,,1551,323,19:19,00:41,502,faceoff
,,,,,,,,,,,,,,52,,,,,,,,,,,8477938,,,,,,,,,99,10,O,518,right,,3,1,,REG,,1551,324,19:26,00:34,504,giveaway
,,,,,,,,,,,,,,19,8476945,,,,,,,,,,,wide-left,,,,8476892,snap,,,81,-30,O,514,right,,3,1,,REG,,1551,325,19:46,00:14,507,missed-shot
,,,,,,,,,,,,,,,,,,,,,,,,,,,,,,,,,,,,,17,right,,3,1,,REG,,1551,326,20:00,00:00,521,period-end
,,,,,,,,,,,,,,,,,,,,,,,,,,,,,,,,,,,,,529,left,,3,2,,REG,,1551,331,00:00,20:00,520,period-start
,,,,,,,,,,,,,,19,,,,,,,,,,8476392,,,,,,,,,8480023,0,0,N,528,left,,3,2,,REG,,1551,334,00:00,20:00,502,faceoff
,,,,,,,8476392,,,,,,,19,,,,,,,,,,,,blocked,,,,8476892,,,,-65,20,D,532,left,,3,2,,REG,,1551,335,00:15,19:45,508,blocked-shot
,,,,,,,,,,,,,,19,8476945,,,,,,,,,,,hit-right-post,,,,8479385,snap,,,-78,22,O,535,left,,3,2,,REG,,1551,339,00:37,19:23,507,missed-shot
,,,,,,,,,,,,,,19,,,,,,,,,,,8475753,,,,,,,,,-32,-40,O,549,left,,3,2,,REG,,1551,341,00:49,19:11,504,giveaway
,,,,,5,,,,,,,,,52,8476412,,,,,,,4,,,,,,,,8476392,wrist,,,82,24,O,538,left,,3,2,,REG,,1551,344,00:56,19:04,506,shot-on-goal
,,,,,,,,,,,,,,19,8476945,,,,,,,,,,,wide-right,,,,8483516,wrist,,,-66,29,O,542,left,,3,2,,REG,,1551,346,01:04,18:56,507,missed-shot
,,,,,,,,,,,,,,19,,,,,,8477938,8483516,,,,,,,,,,,,,93,-8,N,612,left,,3,2,,REG,,1551,350,01:19,18:41,503,hit
,,,,,5,,,,,,,,,52,8476412,,,,,,,5,,,,,,,,8475799,wrist,,,59,31,O,546,left,,3,2,,REG,,1551,351,01:28,18:32,506,shot-on-goal
,,,,,,,,,,,,,,,,,,,,,,,,,,goalie-stopped-after-sog,,,,,,,,,,,22,left,,3,2,,REG,,1551,352,01:30,18:30,516,stoppage
,,,,,,,,,,,,,,52,,,,,,,,,,8476897,,,,,,,,,8476480,69,22,O,547,left,,3,2,,REG,,1551,355,01:30,18:30,502,faceoff
,,,,,,,,,,,,,,52,8476412,,,,,,,,,,,wide-left,,,,8477940,wrist,,,77,-25,O,352,left,,3,2,,REG,,1551,356,01:33,18:27,507,missed-shot
,,,,,,,,,,,,,,52,,,,,,8478472,8480145,,,,,,,,,,,,,-49,36,D,616,left,,3,2,,REG,,1551,357,01:40,18:20,503,hit
,,,,,,,,,,,,,,52,,,,,,8482737,8476331,,,,,,,,,,,,,-93,27,D,624,left,,3,2,,REG,,1551,358,01:42,18:18,503,hit
,,,,,5,,,,,,,,,52,8476412,,,,,,,6,,,,,,,,8477940,backhand,,,86,12,O,602,left,,3,2,,REG,,1551,359,01:54,18:06,506,shot-on-goal
,,,,,,,,,,,,,,52,,,,,,8478472,8479293,,,,,,,,,,,,,70,42,O,628,left,,3,2,,REG,,1551,362,02:10,17:50,503,hit
,,,,,,,,,,,,,,,,,,,,,,,,,,icing,,,,,,,,,,,23,left,,3,2,,REG,,1551,364,02:14,17:46,516,stoppage
,,,,,,,,,,,,,,52,,,,,,,,,,8476897,,,,,,,,,8480014,69,-22,O,608,left,,3,2,,REG,,1551,366,02:14,17:46,502,faceoff
,,,,,,,,,,,,,,19,,,,,,,,,,,8482737,,,,,,,,,60,-12,D,623,left,,3,2,,REG,,1551,367,02:17,17:43,504,giveaway
,,,,,,,,,,,,,,19,,,,,,8477938,8478472,,,,,,,,,,,,,99,-17,N,640,left,,3,2,,REG,,1551,368,02:22,17:38,503,hit
,,,,,,,,,,,,,,52,8476412,,,,,,,,,,,wide-right,,,,8480049,slap,,,38,21,O,613,left,,3,2,,REG,,1551,369,02:48,17:12,507,missed-shot
,,,,,,,,,,,,,,19,,,,,,,,,,,8476897,,,,,,,,,22,-35,N,627,left,,3,2,,REG,,1551,370,02:52,17:08,504,giveaway
,,,,,5,,,,,,,,,52,8476412,,,,,,,7,,,,,,,,8480014,tip-in,,,76,-8,O,302,left,,3,2,,REG,,1551,377,03:05,16:55,506,shot-on-goal
,,,,,,,,,,,,,,,,,,,,,,,,,,offside,,,,,,,,,,,25,left,,3,2,,REG,,1551,378,03:11,16:49,516,stoppage
,,,,,,,,,,,,,,19,,,,,,,,,,8476952,,,,,,,,,8476889,20,22,N,621,left,,3,2,,REG,,1551,381,03:11,16:49,502,faceoff
,,,,,,,,,,,,,,52,,,,,,8481598,8479293,,,,,,,,,,,,,82,-37,O,708,left,,3,2,,REG,,1551,382,03:37,16:23,503,hit
,,,,,,,,,,,,,,52,,,,,,8476889,8474568,,,,,,,,,,,,,-56,-38,D,712,left,,3,2,,REG,,1551,384,03:46,16:14,503,hit
,,,,,,,,,,,,,,19,,,,,,,,,,,8477402,,,,,,,,,-14,-40,N,650,left,,3,2,,REG,,1551,389,04:01,15:59,525,takeaway
,,,,,,,,,,,,,,,,,,,,,,,,,,offside,,,,,,,,,,,26,left,,3,2,,REG,,1551,392,04:10,15:50,516,stoppage
,,,,,,,,,,,,,,19,,,,,,,,,,8480289,,,,,,,,,8475170,-20,-22,N,636,left,,3,2,,REG,,1551,395,04:10,15:50,502,faceoff
,,,,,,,,,,,,,,52,8476412,,,,,,,,,,,wide-left,,,,8480289,wrist,,,46,38,O,641,left,,3,2,,REG,,1551,396,04:34,15:26,507,missed-shot
,,,,,5,,,,,,,,,52,8476412,,,,,,,8,,,,,,,,8480049,wrist,,,40,30,O,642,left,,3,2,,REG,,1551,397,04:42,15:18,506,shot-on-goal
,,,,,,,,,,,,,,52,,,,,,8483516,8476331,,,,,,,,,,,,,-63,40,D,738,left,,3,2,,REG,,1551,401,04:52,15:08,503,hit
,,,,,,,,,,,,,,19,,,,,,8480289,8476892,,,,,,,,,,,,,96,27,N,752,left,,3,2,,REG,,1551,406,05:02,14:58,503,hit
,,,,,,,,,,,,,,52,,,,,,8476892,8475799,,,,,,,,,,,,,70,31,O,753,left,,3,2,,REG,,1551,408,05:08,14:52,503,hit
,,,,,,,,,,,,,,52,,,,,,8480023,8476392,,,,,,,,,,,,,-32,41,D,754,left,,3,2,,REG,,1551,411,05:12,14:48,503,hit
,,,,,6,,,,,,,,,19,8476945,,,,,,,8,,,,,,,,8479385,wrist,,,-65,17,O,704,left,,3,2,,REG,,1551,412,05:14,14:46,506,shot-on-goal
,,,,,,,,,,,,,,,,,,,,,,,,,,goalie-stopped-after-sog,,,,,,,,,,,27,left,,3,2,,REG,,1551,413,05:15,14:45,516,stoppage
,,,,,,,,,,,,,,19,,,,,,,,,,8476392,,,,,,,,,8480023,-69,22,O,705,left,,3,2,,REG,,1551,414,05:15,14:45,502,faceoff
,,,,,,,,,,,,,,19,8476945,,,,,,,,,,,wide-left,,,,8479385,tip-in,,,-83,-6,O,303,left,,3,2,,REG,,1551,415,05:22,14:38,507,missed-shot
,,,,,,,,,,,,,,52,,,,,,,,,,,8477938,,,,,,,,,-28,-39,D,732,left,,3,2,,REG,,1551,416,05:30,14:30,525,takeaway
,,,,,,,8481598,,,,,,,52,,,,,,,,,,,,blocked,,,,8478398,,,,62,-24,D,714,left,,3,2,,REG,,1551,422,06:08,13:52,508,blocked-shot
,,,,,,,,,,,,,,52,8476412,,,,,,,,,,,wide-left,,,,8476392,backhand,,,85,-5,O,353,left,,3,2,,REG,,1551,424,06:10,13:50,507,missed-shot
,,,,,,,,,,,,,,52,8476412,,,,,,,,,,,wide-right,,,,8474568,wrist,,,33,-15,O,717,left,,3,2,,REG,,1551,425,06:19,13:41,507,missed-shot
,,,,,6,,,,,,,,,52,8476412,,,,,,,9,,,,,,,,8477940,slap,,,63,18,O,721,left,,3,2,,REG,,1551,430,06:39,13:21,506,shot-on-goal
,,,,,,,,,,,,,,52,,,,,,8482737,8477940,,,,,,,,,,,,,69,-29,O,763,left,,3,2,,REG,,1551,432,06:45,13:15,503,hit
,,,,,,,,,,,,,,52,,,,,,,,,,,8476945,,,,,,,,,-99,0,D,737,left,,3,2,,REG,,1551,434,06:51,13:09,504,giveaway
,,,,,7,,,,,,,,,19,8476945,,,,,,,9,,,,,,,,8478472,wrist,,,-72,-1,O,725,left,,3,2,,REG,,1551,435,06:53,13:07,506,shot-on-goal
,,,,,,,,,,,,,,19,8476945,,,,,,,,,,,high-and-wide-right,,,,8482737,wrist,,,-78,-33,O,730,left,,3,2,,REG,,1551,440,07:09,12:51,507,missed-shot
,,,,,,,,,,,,,,52,,,,,,8482089,8479293,,,,,,,,,,,,,-93,-24,D,777,left,,3,2,,REG,,1551,447,07:38,12:22,503,hit
,,,,,8,,,,,,,,,19,8476945,,,,,,,9,,,,,,,,8475170,tip-in,,,-73,-2,O,740,left,,3,2,,REG,,1551,448,07:42,12:18,506,shot-on-goal
,,,,,9,,,,,,,,,19,8476945,,,,,,,9,,,,,,,,8470600,wrist,,,-67,-34,O,745,left,,3,2,,REG,,1551,455,08:02,11:58,506,shot-on-goal
,,,,,,,,,,,,,,,,,,,,,,,,,,goalie-stopped-after-sog,,,tv-timeout,,,,,,,,28,left,,3,2,,REG,,1551,457,08:04,11:56,516,stoppage
,,,,,,,,,,,,,,19,,,,,,,,,,8480014,,,,,,,,,8480023,-69,-22,O,747,left,,3,2,,REG,,1551,460,08:04,11:56,502,faceoff
,,,,,,,,,,,,,,,,,,,,,,,,,,icing,,,,,,,,,,,29,left,,3,2,,REG,,1551,461,08:39,11:21,516,stoppage
,,,,,,,,,,,,,,52,,,,,,,,,,8480023,,,,,,,,,8476480,69,22,O,756,left,,3,2,,REG,,1551,463,08:39,11:21,502,faceoff
,,,,,,,,,,,,,,52,8476412,,,,,,,,,,,wide-left,,,,8476480,wrist,,,82,-1,O,765,left,,3,2,,REG,,1551,468,09:11,10:49,507,missed-shot
,,,,,9,,,,,,,,,52,8476412,,,,,,,10,,,,,,,,8480289,tip-in,,,82,-4,O,771,left,,3,2,,REG,,1551,474,09:47,10:13,506,shot-on-goal
,,,,,,,8480281,,,,,,,52,,,,,,,,,,,,blocked,,,,8480049,,,,57,8,D,772,left,,3,2,,REG,,1551,475,09:53,10:07,508,blocked-shot
,,,,,,,,,,,,,,,,,,,,,,,,,,puck-in-netting,,,,,,,,,,,30,left,,3,2,,REG,,1551,476,09:55,10:05,516,stoppage
,,,,,,,,,,,,,,19,,,,,,,,,,8476392,,,,,,,,,8476897,69,22,D,773,left,,3,2,,REG,,1551,479,09:55,10:05,502,faceoff
,,,,,,,,,,,,,,19,,,,,,8480049,8477573,,,,,,,,,,,,,-93,26,N,789,left,,3,2,,REG,,1551,481,10:05,09:55,503,hit
,,,,,,,,,,,,,,19,,,,,,8480145,8476889,,,,,,,,,,,,,-95,-18,N,792,left,,3,2,,REG,,1551,482,10:07,09:53,503,hit
,,,,,,,,,,,,,,19,,,,,,8480014,8480281,,,,,,,,,,,,,48,-38,N,793,left,,3,2,,REG,,1551,483,10:15,09:45,503,hit
,,,,,,,,,,,,,,52,8476412,,,,,,,,,,,wide-left,,,,8480014,wrist,,,74,-26,O,779,left,,3,2,,REG,,1551,484,10:18,09:42,507,missed-shot
,,,,,,,,,,,,,,,,,,,,,,,,,,offside,,,tv-timeout,,,,,,,,31,left,,3,2,,REG,,1551,492,10:39,09:21,516,stoppage
,,,,,,,,,,,,,,52,,,,,,,,,,8476897,,,,,,,,,8476952,20,22,N,787,left,,3,2,,REG,,1551,495,10:39,09:21,502,faceoff
,,,,,9,,,,,,,,,52,8476412,,,,,,,11,,,,,,,,8479293,backhand,,,15,3,N,794,left,,3,2,,REG,,1551,496,10:41,09:19,506,shot-on-goal
,,,,,,,,,,,,,,52,,,,,,8475753,8476952,,,,,,,,,,,,,94,27,O,800,left,,3,2,,REG,,1551,497,10:45,09:15,503,hit
,,,,,,,,,,,,,,19,,,,,,,,,,,8475753,,,,,,,,,85,29,D,803,left,,3,2,,REG,,1551,498,10:46,09:14,504,giveaway
,,,,,,,,,,,,,,19,,,,,,,,,,,,,,,,,,,,,,,32,left,,3,2,,REG,,1551,499,10:49,09:11,535,delayed-penalty
,,,,,,,,,,,,,,19,,,,,,,,,,,8475753,,,,,,,,,97,-14,D,811,left,,3,2,,REG,,1551,500,10:51,09:09,504,giveaway
,,,,,,,,,,,,,,19,,,,,,8478398,8475753,,,,,,,,,,,,,80,40,N,810,left,,3,2,,REG,,1560,507,11:32,08:28,503,hit
,,,,,,,,8476897,slashing,,,8480113,2,19,,,,,,,,,,,,,,,,,,MIN,,54,-39,D,807,left,,3,2,,REG,,1560,508,11:34,08:26,509,penalty
,,,,,,,,,,,,,,52,,,,,,,,,,8476889,,,,,,,,,8480014,69,-22,O,801,left,,3,2,,REG,,1451,512,11:34,08:26,502,faceoff
,8478398,6,8480145,2,,2,,,,6372347743112,6372349227112,,,52,8476412,6372350290112,6372349898112,https://nhl.com/video/stl-wpg-perfetti-scores-ppg-against-jordan-binnington-6372350290112,https://nhl.com/fr/video/stl-wpg-perfetti-marque-un-but-en-a-n-contre-jordan-binnington-6372349898112,,,,1,,,,8482149,2,,,tip-in,,,84,-11,O,354,left,,3,2,,REG,https://wsr.nhle.com/sprites/20242025/2024030157/ev354.json,1451,513,11:41,08:19,505,goal
,,,,,,,,,,,,,,52,,,,,,,,,,8480023,,,,,,,,,8476392,0,0,N,814,left,,3,2,,REG,,1551,517,11:41,08:19,502,faceoff
,,,,,10,,,,,,,,,19,8476945,,,,,,,11,,,,,,,,8477402,snap,,,-79,-16,O,819,left,,3,2,,REG,,1551,518,11:58,08:02,506,shot-on-goal
,,,,,,,,,,,,,,19,8476945,,,,,,,,,,,wide-right,,,,8476892,slap,,,-48,24,O,821,left,,3,2,,REG,,1551,519,12:04,07:56,507,missed-shot
,,,,,,,,,,,,,,52,,,,,,,,,,,8480145,,,,,,,,,-48,-40,D,831,left,,3,2,,REG,,1551,520,12:08,07:52,525,takeaway
,,,,,11,,,,,,,,,19,8476945,,,,,,,11,,,,,,,,8479385,wrist,,,-11,35,N,304,left,,3,2,,REG,,1551,521,12:15,07:45,506,shot-on-goal
,,,,,,,,,,,,,,52,8476412,,,,,,,,,,,above-crossbar,,,,8480014,wrist,,,65,-40,O,827,left,,3,2,,REG,,1551,526,12:22,07:38,507,missed-shot
,,,,,,,,,,,,,,,,,,,,,,,,,,goalie-stopped-after-sog,,,,,,,,,,,33,left,,3,2,,REG,,1551,528,12:24,07:36,516,stoppage
,,,,,,,,,,,,,,52,,,,,,,,,,8475170,,,,,,,,,8480289,69,-22,O,824,left,,3,2,,REG,,1551,530,12:24,07:36,502,faceoff
,,,,,,,8475753,,,,,,,52,,,,,,,,,,,,blocked,,,,8478891,,,,66,-11,D,832,left,,3,2,,REG,,1551,531,12:29,07:31,508,blocked-shot
,,,,,,,,,,,,,,19,,,,,,,,,,,8483516,,,,,,,,,-40,34,O,838,left,,3,2,,REG,,1551,532,12:45,07:15,525,takeaway
,,,,,,,8476331,,,,,,,19,,,,,,,,,,,,blocked,,,,8475170,,,,-62,-16,D,833,left,,3,2,,REG,,1551,533,12:48,07:12,508,blocked-shot
,,,,,,,,,,,,,,52,,,,,,8480281,8480289,,,,,,,,,,,,,-95,22,D,842,left,,3,2,,REG,,1551,535,12:59,07:01,503,hit
,,,,,12,,,,,,,,,19,8476945,,,,,,,11,,,,,,,,8477573,bat,,,-72,6,O,843,left,,3,2,,REG,,1551,542,13:43,06:17,506,shot-on-goal
,,,,,,,,,,,,,,19,,,,,,8477938,8478472,,,,,,,,,,,,,-92,31,N,847,left,,3,2,,REG,,1551,543,13:47,06:13,503,hit
,,,,,,,,,,,,,,,,,,,,,,,,,,icing,,,,,,,,,,,34,left,,3,2,,REG,,1551,544,13:52,06:08,516,stoppage
,,,,,,,,,,,,,,19,,,,,,,,,,8480289,,,,,,,,,8480023,-69,22,O,844,left,,3,2,,REG,,1551,546,13:52,06:08,502,faceoff
,,,,,,,,,,,,,,19,8476945,,,,,,,,,,,wide-left,,,,8475764,backhand,,,-79,-2,O,848,left,,3,2,,REG,,1551,547,14:04,05:56,507,missed-shot
,,,,,,,8480023,,,,,,,19,,,,,,,,,,,,teammate-blocked,,,,8475764,,,,-82,3,O,901,left,,3,2,,REG,,1551,548,14:05,05:55,508,blocked-shot
,,,,,,,8479385,,,,,,,19,,,,,,,,,,,,teammate-blocked,,,,8475764,,,,-59,2,O,849,left,,3,2,,REG,,1551,549,14:10,05:50,508,blocked-shot
,,,,,,,,,,,,,,52,,,,,,8475764,8482149,,,,,,,,,,,,,95,-20,D,870,left,,3,2,,REG,,1551,552,14:20,05:40,503,hit
,,,,,,,8476480,,,,,,,19,,,,,,,,,,,,blocked,,,,8481598,,,,-76,-19,D,854,left,,3,2,,REG,,1551,555,14:37,05:23,508,blocked-shot
,,,,,,,,,,,,,,,,,,,,,,,,,,icing,,,,,,,,,,,35,left,,3,2,,REG,,1551,556,14:45,05:15,516,stoppage
,,,,,,,,,,,,,,19,,,,,,,,,,8476480,,,,,,,,,8475170,-69,-22,O,855,left,,3,2,,REG,,1551,558,14:45,05:15,502,faceoff
,,,,,,,8480049,,,,,,,19,,,,,,,,,,,,blocked,,,,8483516,,,,-59,-13,D,858,left,,3,2,,REG,,1551,559,14:46,05:14,508,blocked-shot
,,,,,,,8479293,,,,,,,19,,,,,,,,,,,,blocked,,,,8481598,,,,-74,-3,D,861,left,,3,2,,REG,,1551,562,15:10,04:50,508,blocked-shot
,,,,,,,8479293,,,,,,,19,,,,,,,,,,,,blocked,,,,8481598,,,,-58,-9,D,862,left,,3,2,,REG,,1551,563,15:19,04:41,508,blocked-shot
,,,,,,,,,,,,,,19,8476945,,,,,,,,,,,wide-right,,,,8481598,wrist,,,-54,-31,O,863,left,,3,2,,REG,,1551,564,15:25,04:35,507,missed-shot
,,,,,13,,,,,,,,,19,8476945,,,,,,,11,,,,,,,,8481598,wrist,,,-54,-20,O,864,left,,3,2,,REG,,1551,566,15:33,04:27,506,shot-on-goal
,,,,,,,,,,,,,,,,,,,,,,,,,,goalie-stopped-after-sog,,,tv-timeout,,,,,,,,37,left,,3,2,,REG,,1551,567,15:35,04:25,516,stoppage
,,,,,,,,,,,,,,19,,,,,,,,,,8480289,,,,,,,,,8476889,-69,-22,O,866,left,,3,2,,REG,,1551,570,15:35,04:25,502,faceoff
,,,,,,,,,,,,,,52,,,,,,,,,,,8475799,,,,,,,,,-10,-16,N,875,left,,3,2,,REG,,1551,571,15:40,04:20,504,giveaway
,,,,,,,,,,,,,,19,,,,,,8480145,8480281,,,,,,,,,,,,,-32,38,N,877,left,,3,2,,REG,,1551,572,15:45,04:15,503,hit
,,,,,,,,,,,,,,52,8476412,,,,,,,,,,,wide-right,,,,8480289,wrist,,,66,36,O,871,left,,3,2,,REG,,1551,573,15:59,04:01,507,missed-shot
,,,,,,,,,,,,,,,,,,,,,,,,,,goalie-stopped-after-sog,,,,,,,,,,,38,left,,3,2,,REG,,1551,574,16:01,03:59,516,stoppage
,,,,,,,,,,,,,,52,,,,,,,,,,8480023,,,,,,,,,8476392,69,22,O,872,left,,3,2,,REG,,1551,577,16:01,03:59,502,faceoff
,,,,,,,,,,,,,,19,8476945,,,,,,,,,,,wide-left,,,,8476897,backhand,,,-61,-41,O,878,left,,3,2,,REG,,1551,578,16:09,03:51,507,missed-shot
,,,,,13,,,,,,,,,52,8476412,,,,,,,12,,,,,,,,8478398,slap,,,45,10,O,880,left,,3,2,,REG,,1551,581,16:29,03:31,506,shot-on-goal
,,,,,,,,,,,,,,52,,,,,,8476892,8476392,,,,,,,,,,,,,62,40,O,896,left,,3,2,,REG,,1551,582,16:32,03:28,503,hit
,,,,,,,,,,,,,,19,,,,,,,,,,,8480023,,,,,,,,,-57,-39,O,899,left,,3,2,,REG,,1551,587,16:42,03:18,504,giveaway
,,,,,,,8481598,,,,,,,52,,,,,,,,,,,,blocked,,,,8474568,,,,61,-34,D,553,left,,3,2,,REG,,1551,590,16:53,03:07,508,blocked-shot
,,,,,,,,,,,,,,19,,,,,,,,,,,8478472,,,,,,,,,98,-11,D,956,left,,3,2,,REG,,1551,595,17:23,02:37,504,giveaway
,,,,,,,8477938,,,,,,,19,,,,,,,,,,,,blocked,,,,8478472,,,,-69,-14,D,892,left,,3,2,,REG,,1551,597,17:33,02:27,508,blocked-shot
,,,,,,,,,,,,,,52,,,,,,8475181,8476480,,,,,,,,,,,,,98,-14,O,960,left,,3,2,,REG,,1551,604,17:49,02:11,503,hit
,,,,,,,,,,,,,,52,,,,,,,,,,,8476331,,,,,,,,,-89,34,D,964,left,,3,2,,REG,,1551,607,18:13,01:47,504,giveaway
,,,,,,,,,,,,,,19,,,,,,8479293,8483516,,,,,,,,,,,,,-95,-28,N,965,left,,3,2,,REG,,1551,609,18:18,01:42,503,hit
,,,,,,,,,,,,,,52,,,,,,,,,,,8479293,,,,,,,,,-96,-19,D,974,left,,3,2,,REG,,1551,610,18:20,01:40,504,giveaway
,,,,,,,,,,,,,,,,,,,,,,,,,,icing,,,,,,,,,,,39,left,,3,2,,REG,,1551,615,18:33,01:27,516,stoppage
,,,,,,,,,,,,,,19,,,,,,,,,,8480014,,,,,,,,,8480023,69,-22,D,961,left,,3,2,,REG,,1551,617,18:33,01:27,502,faceoff
,8477573,1,,,,3,,,,6372348943112,6372348444112,,,19,8476945,6372348452112,6372348152112,https://nhl.com/video/stl-wpg-faksa-scores-goal-against-connor-hellebuyck-6372348452112,https://nhl.com/fr/video/stl-wpg-faksa-marque-un-but-contre-connor-hellebuyck-6372348152112,,,,1,,,,8476889,1,,,wrist,,,-72,-18,O,975,left,,3,2,,REG,https://wsr.nhle.com/sprites/20242025/2024030157/ev975.json,1551,626,19:25,00:35,505,goal
,,,,,,,,,,,,,,19,,,,,,,,,,8476480,,,,,,,,,8476897,0,0,N,976,left,,3,2,,REG,,1551,629,19:25,00:35,502,faceoff
,,,,,,,,8477940,tripping,,,8476892,2,52,,,,,,,,,,,,,,,,,,MIN,,4,38,N,984,left,,3,2,,REG,,1551,630,19:30,00:30,509,penalty
,,,,,,,,,,,,,,19,,,,,,,,,,8476392,,,,,,,,,8480023,-69,-22,O,980,left,,3,2,,REG,,1541,634,19:30,00:30,502,faceoff
,,,,,,,,,,,,,,19,8476945,,,,,,,,,,,wide-left,,,,8483516,tip-in,,,-84,-15,O,987,left,,3,2,,REG,,1541,635,19:35,00:25,507,missed-shot
,,,,,,,,,,,,,,,,,,,,,,,,,,referee-or-linesman,,,player-injury,,,,,,,,40,left,,3,2,,REG,,1541,636,19:39,00:21,516,stoppage
,,,,,,,,,,,,,,52,,,,,,,,,,8480023,,,,,,,,,8476392,-69,22,D,988,left,,3,2,,REG,,1541,638,19:39,00:21,502,faceoff
,,,,,,,8474568,,,,,,,19,,,,,,,,,,,,blocked,,,,8480023,,,,-71,-12,D,991,left,,3,2,,REG,,1541,639,19:55,00:05,508,blocked-shot
,,,,,,,,,,,,,,,,,,,,,,,,,,,,,,,,,,,,,41,left,,3,2,,REG,,1541,640,20:00,00:00,521,period-end
,,,,,,,,,,,,,,,,,,,,,,,,,,,,,,,,,,,,,996,right,,3,3,,REG,,1541,646,00:00,20:00,520,period-start
,,,,,,,,,,,,,,52,,,,,,,,,,8480023,,,,,,,,,8476392,0,0,N,995,right,,3,3,,REG,,1541,648,00:00,20:00,502,faceoff
,,,,,,,,,,,,,,52,,,,,,8483516,8479293,,,,,,,,,,,,,68,-39,D,1020,right,,3,3,,REG,,1541,652,00:40,19:20,503,hit
,,,,,,,,,,,,,,52,,,,,,8475170,8478398,,,,,,,,,,,,,62,-39,D,1023,right,,3,3,,REG,,1541,662,01:10,18:50,503,hit
,,,,,14,,,,,,,,,19,8476945,,,,,,,12,,,,,,,,8481598,wrist,,,59,21,O,1009,right,,3,3,,REG,,1541,663,01:14,18:46,506,shot-on-goal
,,,,,15,,,,,,,,,19,8476945,,,,,,,12,,,,,,,,8482089,backhand,,,80,6,O,1010,right,,3,3,,REG,,1541,664,01:15,18:45,506,shot-on-goal
,,,,,,,,,,,,,,52,,,,,,8476892,8477940,,,,,,,,,,,,,-85,-39,O,1036,right,,3,3,,REG,,1551,674,01:44,18:16,503,hit
,,,,,,,,,,,,,,52,,,,,,,,,,,8482149,,,,,,,,,29,29,D,1037,right,,3,3,,REG,,1551,675,02:08,17:52,504,giveaway
,,,,,,,,,,,,,,19,,,,,,8477938,8476897,,,,,,,,,,,,,82,36,N,1045,right,,3,3,,REG,,1551,684,02:19,17:41,503,hit
,,,,,15,,,,,,,,,52,8476412,,,,,,,13,,,,,,,,8480014,wrist,,,-80,-13,O,1033,right,,3,3,,REG,,1551,687,02:38,17:22,506,shot-on-goal
,,,,,,,,,,,,,,,,,,,,,,,,,,goalie-stopped-after-sog,,,,,,,,,,,46,right,,3,3,,REG,,1551,688,02:40,17:20,516,stoppage
,,,,,,,,,,,,,,52,,,,,,,,,,8480023,,,,,,,,,8476392,-69,-22,O,1034,right,,3,3,,REG,,1551,691,02:40,17:20,502,faceoff
,,,,,15,,,,,,,,,52,8476412,,,,,,,14,,,,,,,,8478398,wrist,,,-62,-25,O,1041,right,,3,3,,REG,,1551,693,02:59,17:01,506,shot-on-goal
,,,,,,,,,,,,,,,,,,,,,,,,,,goalie-stopped-after-sog,,,,,,,,,,,47,right,,3,3,,REG,,1551,694,03:01,16:59,516,stoppage
,,,,,,,,,,,,,,52,,,,,,,,,,8476897,,,,,,,,,8476392,-69,-22,O,1042,right,,3,3,,REG,,1551,696,03:01,16:59,502,faceoff
,,,,,,,,,,,,,,52,8476412,,,,,,,,,,,wide-left,,,,8476392,tip-in,,,-82,3,O,1046,right,,3,3,,REG,,1551,697,03:15,16:45,507,missed-shot
,,,,,,,8475170,,,,,,,52,,,,,,,,,,,,blocked,,,,8480049,,,,-42,-20,D,1049,right,,3,3,,REG,,1551,699,03:28,16:32,508,blocked-shot
,,,,,,,,,,,,,,52,,,,,,8478472,8476952,,,,,,,,,,,,,-90,33,O,1075,right,,3,3,,REG,,1551,707,04:07,15:53,503,hit
,,,,,,,,,,,,,,52,,,,,,,,,,,8476952,,,,,,,,,-13,36,N,1068,right,,3,3,,REG,,1551,710,04:16,15:44,504,giveaway
,,,,,,,8475181,,,,,,,52,,,,,,,,,,,,blocked,,,,8477940,,,,-83,8,D,1067,right,,3,3,,REG,,1551,718,04:43,15:17,508,blocked-shot
,,,,,,,,,,,,,,52,,,,,,8480281,8474568,,,,,,,,,,,,,96,-7,D,1084,right,,3,3,,REG,,1551,719,04:53,15:07,503,hit
,,,,,,,,,,,,,,52,,,,,,,,,,,8475799,,,,,,,,,-53,-38,O,1091,right,,3,3,,REG,,1551,726,05:28,14:32,504,giveaway
,,,,,16,,,,,,,,,19,8476945,,,,,,,14,,,,,,,,8477402,wrist,,,68,5,O,1077,right,,3,3,,REG,,1551,728,05:37,14:23,506,shot-on-goal
,,,,,16,,,,,,,,,52,8476412,,,,,,,15,,,,,,,,8480113,wrist,,,-60,-24,O,1087,right,,3,3,,REG,,1551,736,06:11,13:49,506,shot-on-goal
,,,,,,,,,,,,,,19,,,,,,,,,,,8476412,,,,,,,,,-80,-6,D,1092,right,,3,3,,REG,,1551,737,06:13,13:47,504,giveaway
,,,,,,,8481598,,,,,,,52,,,,,,,,,,,,blocked,,,,8476392,,,,-77,-1,D,1088,right,,3,3,,REG,,1551,738,06:13,13:47,508,blocked-shot
,,,,,,,,,,,,,,,,,,,,,,,,,,puck-in-crowd,,,tv-timeout,,,,,,,,48,right,,3,3,,REG,,1551,739,06:27,13:33,516,stoppage
,,,,,,,,,,,,,,19,,,,,,,,,,8476952,,,,,,,,,8476889,0,0,N,1089,right,,3,3,,REG,,1551,742,06:27,13:33,502,faceoff
,,,,,,,,,,,,,,52,,,,,,8477573,8476952,,,,,,,,,,,,,45,-38,D,1120,right,,3,3,,REG,,1551,743,06:38,13:22,503,hit
,,,,,,,,,,,,,,19,,,,,,8474568,8480281,,,,,,,,,,,,,96,-5,N,1105,right,,3,3,,REG,,1551,744,06:41,13:19,503,hit
,,,,,,,,,,,,,,52,,,,,,8477573,8480145,,,,,,,,,,,,,63,39,D,1126,right,,3,3,,REG,,1551,749,07:03,12:57,503,hit
,,,,,,,8476392,,,,,,,52,,,,,,,,,,,,teammate-blocked,,,,8478398,,,,-84,5,O,1104,right,,3,3,,REG,,1551,755,07:24,12:36,508,blocked-shot
,,,,,,,,,,,,,,52,,,,,,,,,,,8480145,,,,,,,,,90,19,D,1125,right,,3,3,,REG,,1551,756,07:37,12:23,504,giveaway
,,,,,,,,,,,,,,19,,,,,,,,,,,8475170,,,,,,,,,96,5,O,1127,right,,3,3,,REG,,1551,764,08:05,11:55,504,giveaway
,,,,,,,,,,,,,,19,8476945,,,,,,,,,,,wide-left,,,,8481598,wrist,,,34,34,O,1121,right,,3,3,,REG,,1551,772,08:32,11:28,507,missed-shot
,,,,,,,,,,,,,,,,,,,,,,,,,,puck-in-netting,,,,,,,,,,,49,right,,3,3,,REG,,1551,773,08:34,11:26,516,stoppage
,,,,,,,,,,,,,,19,,,,,,,,,,8480289,,,,,,,,,8476889,69,22,O,1122,right,,3,3,,REG,,1551,775,08:34,11:26,502,faceoff
,,,,,16,,,,,,,,,52,8476412,,,,,,,16,,,,,,,,8477938,wrist,,,-72,-37,O,1128,right,,3,3,,REG,,1551,776,08:57,11:03,506,shot-on-goal
,,,,,,,,,,,,,,,,,,,,,,,,,,goalie-stopped-after-sog,,,,,,,,,,,50,right,,3,3,,REG,,1551,777,08:59,11:01,516,stoppage
,,,,,,,,,,,,,,19,,,,,,,,,,8476480,,,,,,,,,8480023,-69,-22,D,1129,right,,3,3,,REG,,1551,780,08:59,11:01,502,faceoff
,,,,,,,,,,,,,,19,,,,,,,,,,,8477402,,,,,,,,,-68,-40,D,1149,right,,3,3,,REG,,1551,782,09:14,10:46,504,giveaway
,,,,,16,,,,,,,,,52,8476412,,,,,,,17,,,,,,,,8476480,wrist,,,-53,-38,O,1135,right,,3,3,,REG,,1551,783,09:14,10:46,506,shot-on-goal
,,,,,,,,,,,,,,,,,,,,,,,,,,goalie-stopped-after-sog,,,,,,,,,,,651,right,,3,3,,REG,,1551,784,09:16,10:44,516,stoppage
,,,,,,,,,,,,,,52,,,,,,,,,,8480023,,,,,,,,,8476392,-69,-22,O,1136,right,,3,3,,REG,,1551,787,09:16,10:44,502,faceoff
,,,,,,,8476892,,,,,,,52,,,,,,,,,,,,blocked,,,,8480113,,,,-70,3,D,1141,right,,3,3,,REG,,1551,788,09:20,10:40,508,blocked-shot
,,,,,16,,,,,,,,,52,8476412,,,,,,,18,,,,,,,,8478398,snap,,,-61,33,O,1142,right,,3,3,,REG,,1551,789,09:25,10:35,506,shot-on-goal
,,,,,,,,,,,,,,52,8476412,,,,,,,,,,,wide-right,,,,8478398,backhand,,,-79,1,O,1147,right,,3,3,,REG,,1551,793,09:42,10:18,507,missed-shot
,,,,,,,,,,,,,,52,,,,,,8475181,8476392,,,,,,,,,,,,,-92,31,O,1157,right,,3,3,,REG,,1551,794,09:45,10:15,503,hit
,,,,,,,8478472,,,,,,,52,,,,,,,,,,,,blocked,,,,8480145,,,,-36,32,D,1148,right,,3,3,,REG,,1551,795,09:47,10:13,508,blocked-shot
,,,,,,,,,,,,,,52,,,,,,8482089,8480113,,,,,,,,,,,,,-61,-38,O,1158,right,,3,3,,REG,,1551,796,09:50,10:10,503,hit
,,,,,16,,,,,,,,,52,8476412,,,,,,,19,,,,,,,,8478398,wrist,,,-62,-23,O,1150,right,,3,3,,REG,,1551,800,10:00,10:00,506,shot-on-goal
,,,,,,,,,,,,,,,,,,,,,,,,,,goalie-stopped-after-sog,,,tv-timeout,,,,,,,,652,right,,3,3,,REG,,1551,801,10:03,09:57,516,stoppage
,,,,,,,,,,,,,,19,,,,,,,,,,8476480,,,,,,,,,8480023,-69,-22,D,1154,right,,3,3,,REG,,1551,804,10:03,09:57,502,faceoff
,,,,,,,,,,,,,,19,,,,,,8476480,8481598,,,,,,,,,,,,,-78,39,N,1167,right,,3,3,,REG,,1551,806,10:19,09:41,503,hit
,,,,,,,,,,,,,,52,,,,,,8479385,8482149,,,,,,,,,,,,,61,41,D,1173,right,,3,3,,REG,,1551,810,10:39,09:21,503,hit
,,,,,,,8482149,,,,,,,19,,,,,,,,,,,,blocked,,,,8479385,,,,66,32,D,1164,right,,3,3,,REG,,1551,811,10:43,09:17,508,blocked-shot
,,,,,,,,,,,,,,52,,,,,,,,,,,8476480,,,,,,,,,49,-34,D,1178,right,,3,3,,REG,,1551,813,10:49,09:11,504,giveaway
,,,,,,,,,,,,,,19,,,,,,,,,,,8470600,,,,,,,,,35,-37,O,1180,right,,3,3,,REG,,1551,815,10:50,09:10,504,giveaway
,,,,,,,,,,,,,,52,,,,,,,,,,,8477940,,,,,,,,,47,-39,D,1182,right,,3,3,,REG,,1551,816,10:53,09:07,504,giveaway
,,,,,,,,,,,,,,52,,,,,,,,,,,8480049,,,,,,,,,88,-34,D,1190,right,,3,3,,REG,,1551,817,10:59,09:01,504,giveaway
,,,,,,,,,,,,,,19,8476945,,,,,,,,,,,wide-right,,,,8470600,wrist,,,80,-31,O,1168,right,,3,3,,REG,,1551,818,11:09,08:51,507,missed-shot
,,,,,17,,,,,,,,,19,8476945,,,,,,,19,,,,,,,,8477573,wrist,,,70,37,O,1169,right,,3,3,,REG,,1551,819,11:17,08:43,506,shot-on-goal
,,,,,,,,,,,,,,19,,,,,,8476331,8483516,,,,,,,,,,,,,95,-22,N,1196,right,,3,3,,REG,,1551,829,12:03,07:57,503,hit
,,,,,,,,,,,,,,19,,,,,,,,,,,8477402,,,,,,,,,96,-25,O,1197,right,,3,3,,REG,,1551,838,12:31,07:29,504,giveaway
,,,,,,,,,,,,,,,,,,,,,,,,,,icing,,,,,,,,,,,653,right,,3,3,,REG,,1551,840,12:43,07:17,516,stoppage
,,,,,,,,,,,,,,19,,,,,,,,,,8476392,,,,,,,,,8476889,69,22,O,1193,right,,3,3,,REG,,1551,842,12:43,07:17,502,faceoff
,,,,,,,,,,,,,,52,,,,,,8480281,8477938,,,,,,,,,,,,,78,-38,D,1203,right,,3,3,,REG,,1551,843,12:57,07:03,503,hit
,,,,,,,,,,,,,,52,8476412,,,,,,,,,,,wide-left,,,,8478398,slap,,,-45,35,O,1200,right,,3,3,,REG,,1551,846,13:24,06:36,507,missed-shot
,,,,,,,8475753,,,,,,,52,,,,,,,,,,,,blocked,,,,8480049,,,,-84,-8,D,1201,right,,3,3,,REG,,1551,847,13:27,06:33,508,blocked-shot
,,,,,,,8475753,,,,,,,52,,,,,,,,,,,,blocked,,,,8480049,,,,-74,0,D,1202,right,,3,3,,REG,,1551,848,13:34,06:26,508,blocked-shot
,,,,,17,,,,,,,,,52,8476412,,,,,,,20,,,,,,,,8475799,wrist,,,-65,-32,O,1209,right,,3,3,,REG,,1551,855,13:50,06:10,506,shot-on-goal
,,,,,,,8478472,,,,,,,52,,,,,,,,,,,,blocked,,,,8476331,,,,-84,15,D,1211,right,,3,3,,REG,,1551,856,13:54,06:06,508,blocked-shot
,,,,,,,,,,,,,,52,,,,,,,,,,,8480014,,,,,,,,,-98,0,O,1222,right,,3,3,,REG,,1551,857,13:58,06:02,504,giveaway
,,,,,,,,,,,,,,19,8476945,,,,,,,,,,,high-and-wide-left,,,,8470600,wrist,,,40,25,O,1212,right,,3,3,,REG,,1551,858,14:12,05:48,507,missed-shot
,,,,,,,,,,,,,,19,,,,,,8480014,8475181,,,,,,,,,,,,,-6,-39,N,1225,right,,3,3,,REG,,1551,864,14:25,05:35,503,hit
,,,,,,,,,,,,,,,,,,,,,,,,,,icing,,,,,,,,,,,654,right,,3,3,,REG,,1551,867,14:30,05:30,516,stoppage
,,,,,,,,,,,,,,19,,,,,,,,,,8476480,,,,,,,,,8480023,-69,-22,D,1218,right,,3,3,,REG,,1551,869,14:30,05:30,502,faceoff
,,,,,,,,,,,,,,19,,,,,,,,,,,8477402,,,,,,,,,-60,42,D,1235,right,,3,3,,REG,,1551,870,14:34,05:26,504,giveaway
,,,,,,,,,,,,,,19,,,,,,,,,,,8470600,,,,,,,,,-93,32,D,1239,right,,3,3,,REG,,1551,871,14:38,05:22,504,giveaway
,,,,,17,,,,,,,,,52,8476412,,,,,,,21,,,,,,,,8480145,wrist,,,-40,39,O,1224,right,,3,3,,REG,,1551,872,14:38,05:22,506,shot-on-goal
,,,,,,,8475170,,,,,,,52,,,,,,,,,,,,blocked,,,,8482149,,,,-68,-31,D,1231,right,,3,3,,REG,,1551,879,15:05,04:55,508,blocked-shot
,,,,,17,,,,,,,,,52,8476412,,,,,,,22,,,,,,,,8477940,wrist,,,-70,-7,O,1233,right,,3,3,,REG,,1551,880,15:07,04:53,506,shot-on-goal
,,,,,,,,,,,,,,52,,,,,,8478472,8476331,,,,,,,,,,,,,10,39,N,1244,right,,3,3,,REG,,1551,881,15:13,04:47,503,hit
,,,,,,,,,,,,,,,,,,,,,,,,,,icing,,,,,,,,,,,655,right,,3,3,,REG,,1551,887,15:50,04:10,516,stoppage
,,,,,,,,,,,,,,52,,,,,,,,,,8476889,,,,,,,,,8476392,-69,-22,O,1241,right,,3,3,,REG,,1551,889,15:50,04:10,502,faceoff
,,,,,,,,,,,,,,19,8476945,,,,,,,,,,,above-crossbar,,,,8477402,wrist,,,77,-8,O,1251,right,,3,3,,REG,,1551,896,16:09,03:51,507,missed-shot
,,,,,,,,,,,,,,52,,,,,,8476892,8477938,,,,,,,,,,,,,86,-33,D,1263,right,,3,3,,REG,,1551,897,16:19,03:41,503,hit
,,,,,,,,,,,,,,,,,,,,,,,,,,icing,,,home-timeout,,,,,,,,656,right,,3,3,,REG,,1551,904,16:46,03:14,516,stoppage
,,,,,,,,,,,,,,19,,,,,,,,,,8480014,,,,,,,,,8480023,-69,22,D,1259,right,,3,3,,REG,,1560,906,16:46,03:14,502,faceoff
,,,,,,,,,,,,,,52,,,,,,8478472,8480145,,,,,,,,,,,,,-16,-41,N,1276,right,,3,3,,REG,,1560,907,16:53,03:07,503,hit
,,,,,,,8476892,,,,,,,52,,,,,,,,,,,,blocked,,,,8477940,,,,-56,-33,D,1266,right,,3,3,,REG,,1560,908,17:02,02:58,508,blocked-shot
,,,,,,,,,,,,,,19,,,,,,,,,,,,wide-left,,,,8480023,wrist,,,-3,-40,N,308,right,,3,3,,REG,,1560,909,17:08,02:52,507,missed-shot
,,,,,,,,,,,,,,52,,,,,,8480023,8480145,,,,,,,,,,,,,3,-40,N,1280,right,,3,3,,REG,,1560,910,17:08,02:52,503,hit
,,,,,,,,,,,,,,,,,,,,,,,,,,icing,,,,,,,,,,,657,right,,3,3,,REG,,1560,917,17:32,02:28,516,stoppage
,,,,,,,,,,,,,,52,,,,,,,,,,8476897,,,,,,,,,8476392,-69,-22,O,1273,right,,3,3,,REG,,1560,919,17:32,02:28,502,faceoff
,,,,,17,,,,,,,,,52,8476412,,,,,,,23,,,,,,,,8476392,tip-in,,,-78,-5,O,1277,right,,3,3,,REG,,1560,920,17:42,02:18,506,shot-on-goal
,,,,,,,8470600,,,,,,,52,,,,,,,,,,,,blocked,,,,8476480,,,,-81,11,D,1279,right,,3,3,,REG,,1560,921,17:53,02:07,508,blocked-shot
,,,,,,,8475753,,,,,,,52,,,,,,,,,,,,blocked,,,,8480113,,,,-86,-5,D,554,right,,3,3,,REG,,1560,922,17:54,02:06,508,blocked-shot
,8480145,3,8480049,3,,3,,,,6372350244112,6372350925112,,,52,8476412,6372349563112,6372349759112,https://nhl.com/video/stl-wpg-namestnikov-scores-goal-against-jordan-binnington-6372349563112,https://nhl.com/fr/video/stl-wpg-namestnikov-marque-un-but-contre-jordan-binnington-6372349759112,,,,2,,,,8476480,2,,,wrist,,,-72,28,O,1281,right,,3,3,,REG,https://wsr.nhle.com/sprites/20242025/2024030157/ev1281.json,1560,923,18:04,01:56,505,goal
,,,,,,,,,,,,,,52,,,,,,,,,,8480023,,,,,,,,,8480014,0,0,N,1282,right,,3,3,,REG,,1551,926,18:04,01:56,502,faceoff
,,,,,17,,,,,,,,,52,8476412,,,,,,,24,,,,,,,,8482149,wrist,,,-84,5,O,1292,right,,3,3,,REG,,1560,932,18:50,01:10,506,shot-on-goal
,,,,,,,,,,,,,,,,,,,,,,,,,,goalie-stopped-after-sog,,,video-review,,,,,,,,658,right,,3,3,,REG,,1560,933,18:54,01:06,516,stoppage
,,,,,,,,,,,,,,52,,,,,,,,,,8475170,,,,,,,,,8480014,-69,22,O,1293,right,,3,3,,REG,,1560,936,18:54,01:06,502,faceoff
,,,,,,,,,,,,,,,,,,,,,,,,,,icing,,,,,,,,,,,659,right,,3,3,,REG,,1560,937,19:06,00:54,516,stoppage
,,,,,,,,,,,,,,19,,,,,,,,,,8480014,,,,,,,,,8475170,-69,22,D,1297,right,,3,3,,REG,,1560,938,19:06,00:54,502,faceoff
,,,,,,,,,,,,,,19,,,,,,,,,,,,above-crossbar,,,,8477402,snap,,,-53,5,D,902,right,,3,3,,REG,,1560,939,19:10,00:50,507,missed-shot
,,,,,,,,,,,,,,,,,,,,,,,,,,icing,,,,,,,,,,,660,right,,3,3,,REG,,1560,940,19:13,00:47,516,stoppage
,,,,,,,,,,,,,,19,,,,,,,,,,8476392,,,,,,,,,8480023,-69,-22,D,1299,right,,3,3,,REG,,1560,941,19:13,00:47,502,faceoff
,,,,,17,,,,,,,,,52,8476412,,,,,,,25,,,,,,,,8478398,wrist,,,-45,-21,O,1301,right,,3,3,,REG,,1560,942,19:24,00:36,506,shot-on-goal
,,,,,,,,,,,,,,19,,,,,,,,,,,8475753,,,,,,,,,-92,30,O,1310,right,,3,3,,REG,,1560,944,19:39,00:21,504,giveaway
,,,,,,,,,,,,,,52,8476412,,,,,,,,,,,wide-left,,,,8477940,wrist,,,-45,-41,O,1303,right,,3,3,,REG,,1560,945,19:42,00:18,507,missed-shot
,,,,,,,,,,,,,,52,8476412,,,,,,,,,,,wide-left,,,,8477940,slap,,,-45,-38,O,555,right,,3,3,,REG,,1560,946,19:53,00:07,507,missed-shot
,8478398,7,8477940,1,,3,,,,6372350637112,6372351620112,,,52,8476412,6372349668112,6372349766112,https://nhl.com/video/stl-wpg-perfetti-scores-goal-against-jordan-binnington-6372349668112,https://nhl.com/fr/video/stl-wpg-perfetti-marque-un-but-contre-jordan-binnington-6372349766112,,,,3,,,,8482149,3,,,tip-in,,,-79,1,O,1304,right,,3,3,,REG,https://wsr.nhle.com/sprites/20242025/2024030157/ev1304.json,1560,947,19:57,00:03,505,goal
,,,,,,,,,,,,,,19,,,,,,,,,,8480289,,,,,,,,,8476889,0,0,N,1305,right,,3,3,,REG,,1551,950,19:57,00:03,502,faceoff
,,,,,,,,,,,,,,,,,,,,,,,,,,,,,,,,,,,,,661,right,,3,3,,REG,,1551,951,20:00,00:00,521,period-end
,,,,,,,,,,,,,,,,,,,,,,,,,,,,,,,,,,,,,1314,left,,3,4,,OT,,1551,958,00:00,20:00,520,period-start
,,,,,,,,,,,,,,52,,,,,,,,,,8476889,,,,,,,,,8480289,0,0,N,1313,left,,3,4,,OT,,1551,959,00:00,20:00,502,faceoff
,,,,,,,,,,,,,,52,,,,,,8475753,8475799,,,,,,,,,,,,,88,36,O,1327,left,,3,4,,OT,,1551,960,00:18,19:42,503,hit
,,,,,17,,,,,,,,,52,8476412,,,,,,,26,,,,,,,,8480289,wrist,,,51,10,O,1315,left,,3,4,,OT,,1551,961,00:29,19:31,506,shot-on-goal
,,,,,,,,,,,,,,19,,,,,,,,,,,8475753,,,,,,,,,77,27,D,1340,left,,3,4,,OT,,1551,963,00:32,19:28,504,giveaway
,,,,,17,,,,,,,,,52,8476412,,,,,,,27,,,,,,,,8478398,wrist,,,55,33,O,1325,left,,3,4,,OT,,1551,972,00:49,19:11,506,shot-on-goal
,,,,,,,8480023,,,,,,,52,,,,,,,,,,,,blocked,,,,8480049,,,,45,21,D,1326,left,,3,4,,OT,,1551,973,01:05,18:55,508,blocked-shot
,,,,,17,,,,,,,,,52,8476412,,,,,,,28,,,,,,,,8480049,wrist,,,63,41,O,1328,left,,3,4,,OT,,1551,974,01:11,18:49,506,shot-on-goal
,,,,,,,,,,,,,,19,,,,,,,,,,,8480023,,,,,,,,,-98,8,O,1350,left,,3,4,,OT,,1551,976,01:26,18:34,504,giveaway
,,,,,17,,,,,,,,,52,8476412,,,,,,,29,,,,,,,,8480145,wrist,,,-7,-40,N,1334,left,,3,4,,OT,,1551,981,01:33,18:27,506,shot-on-goal
,,,,,,,,,,,,,,52,,,,,,8483516,8477940,,,,,,,,,,,,,11,-26,N,1357,left,,3,4,,OT,,1551,985,01:55,18:05,503,hit
,,,,,,,8474568,,,,,,,19,,,,,,,,,,,,blocked,,,,8482737,,,,-55,-24,D,1347,left,,3,4,,OT,,1551,994,02:16,17:44,508,blocked-shot
,,,,,,,,,,,,,,52,,,,,,8476897,8479293,,,,,,,,,,,,,-69,40,D,1359,left,,3,4,,OT,,1551,995,02:19,17:41,503,hit
,,,,,17,,,,,,,,,52,8476412,,,,,,,30,,,,,,,,8476480,wrist,,,26,31,O,1351,left,,3,4,,OT,,1551,996,02:24,17:36,506,shot-on-goal
,,,,,,,,,,,,,,,,,,,,,,,,,,goalie-stopped-after-sog,,,,,,,,,,,666,left,,3,4,,OT,,1551,998,02:27,17:33,516,stoppage
,,,,,,,,,,,,,,52,,,,,,,,,,8480023,,,,,,,,,8476392,69,22,O,1352,left,,3,4,,OT,,1551,1001,02:27,17:33,502,faceoff
,,,,,,,,,,,,,,19,,,,,,8480049,8476897,,,,,,,,,,,,,-92,31,N,1369,left,,3,4,,OT,,1551,1002,02:41,17:19,503,hit
,,,,,,,,,,,,,,,,,,,,,,,,,,icing,,,,,,,,,,,667,left,,3,4,,OT,,1551,1010,03:11,16:49,516,stoppage
,,,,,,,,,,,,,,52,,,,,,,,,,8475170,,,,,,,,,8480289,-69,-22,D,1366,left,,3,4,,OT,,1551,1012,03:11,16:49,502,faceoff
,,,,,,,8480145,,,,,,,19,,,,,,,,,,,,blocked,,,,8475764,,,,-74,-6,D,1371,left,,3,4,,OT,,1551,1013,03:16,16:44,508,blocked-shot
,,,,,,,8480145,,,,,,,19,,,,,,,,,,,,blocked,,,,8476892,,,,-85,5,D,1372,left,,3,4,,OT,,1551,1014,03:27,16:33,508,blocked-shot
,,,,,,,,,,,,,,19,8476945,,,,,,,,,,,hit-left-post,,,,8477573,wrist,,,-74,-4,O,1381,left,,3,4,,OT,,1551,1023,03:54,16:06,507,missed-shot
,,,,,,,,,,,,,,,,,,,,,,,,,,icing,,,,,,,,,,,668,left,,3,4,,OT,,1551,1024,04:04,15:56,516,stoppage
,,,,,,,,,,,,,,52,,,,,,,,,,8476889,,,,,,,,,8480289,-69,-22,D,1383,left,,3,4,,OT,,1551,1025,04:04,15:56,502,faceoff
,,,,,,,,,,,,,,52,,,,,,8481598,8477940,,,,,,,,,,,,,96,0,O,1399,left,,3,4,,OT,,1551,1029,04:14,15:46,503,hit
,,,,,,,8480145,,,,,,,19,,,,,,,,,,,,blocked,,,,8477402,,,,-69,-15,D,1393,left,,3,4,,OT,,1551,1035,04:47,15:13,508,blocked-shot
,,,,,18,,,,,,,,,19,8476945,,,,,,,30,,,,,,,,8479385,slap,,,-58,21,O,1394,left,,3,4,,OT,,1551,1036,04:56,15:04,506,shot-on-goal
,,,,,,,,,,,,,,,,,,,,,,,,,,goalie-stopped-after-sog,,,,,,,,,,,669,left,,3,4,,OT,,1551,1037,04:58,15:02,516,stoppage
,,,,,,,,,,,,,,52,,,,,,,,,,8476897,,,,,,,,,8476392,-69,22,D,1395,left,,3,4,,OT,,1551,1040,04:58,15:02,502,faceoff
,,,,,,,,,,,,,,19,,,,,,8476331,8478472,,,,,,,,,,,,,-82,-36,N,1406,left,,3,4,,OT,,1551,1041,05:03,14:57,503,hit
,,,,,19,,,,,,,,,19,8476945,,,,,,,30,,,,,,,,8475764,wrist,,,-52,-35,O,1400,left,,3,4,,OT,,1551,1042,05:08,14:52,506,shot-on-goal
,,,,,,,,,,,,,,,,,,,,,,,,,,icing,,,,,,,,,,,670,left,,3,4,,OT,,1551,1043,05:17,14:43,516,stoppage
,,,,,,,,,,,,,,19,,,,,,,,,,8476392,,,,,,,,,8480023,-69,22,O,1401,left,,3,4,,OT,,1551,1045,05:17,14:43,502,faceoff
,,,,,,,,,,,,,,19,,,,,,,,,,,8477402,,,,,,,,,-47,37,O,1417,left,,3,4,,OT,,1551,1046,05:21,14:39,504,giveaway
,,,,,,,,,,,,,,,,,,,,,,,,,,icing,,,,,,,,,,,671,left,,3,4,,OT,,1551,1049,05:36,14:24,516,stoppage
,,,,,,,,,,,,,,52,,,,,,,,,,8480023,,,,,,,,,8476480,69,22,O,1407,left,,3,4,,OT,,1551,1051,05:36,14:24,502,faceoff
,,,,,19,,,,,,,,,52,8476412,,,,,,,31,,,,,,,,8477940,wrist,,,67,40,O,1410,left,,3,4,,OT,,1551,1052,05:38,14:22,506,shot-on-goal
,,,,,,,,,,,,,,,,,,,,,,,,,,goalie-stopped-after-sog,,,,,,,,,,,672,left,,3,4,,OT,,1551,1053,05:40,14:20,516,stoppage
,,,,,,,,,,,,,,19,,,,,,,,,,8476480,,,,,,,,,8476897,69,22,D,1411,left,,3,4,,OT,,1551,1055,05:40,14:20,502,faceoff
,,,,,,,,,,,,,,,,,,,,,,,,,,icing,,,,,,,,,,,673,left,,3,4,,OT,,1551,1057,05:59,14:01,516,stoppage
,,,,,,,,,,,,,,19,,,,,,,,,,8476480,,,,,,,,,8475170,-69,-22,O,1415,left,,3,4,,OT,,1551,1058,05:59,14:01,502,faceoff
,,,,,,,,,,,,,,19,8476945,,,,,,,,,,,wide-left,,,,8483516,backhand,,,-61,9,O,1418,left,,3,4,,OT,,1551,1059,06:02,13:58,507,missed-shot
,,,,,,,,8475170,delaying-game-puck-over-glass,,,,2,19,,,,,,,,,,,,,,,,,,MIN,,62,-40,D,1425,left,,3,4,,OT,,1551,1062,06:20,13:40,509,penalty
,,,,,,,,,,,,,,19,,,,,,,,,,8480014,,,,,,,,,8476889,69,-22,D,1421,left,,3,4,,OT,,1451,1066,06:20,13:40,502,faceoff
,,,,,,,,,,,,,,19,,,,,,8480014,8470600,,,,,,,,,,,,,67,-40,N,1448,left,,3,4,,OT,,1451,1074,07:23,12:37,503,hit
,,,,,,,,,,,,,,52,,,,,,,,,,,8482149,,,,,,,,,83,-22,O,1446,left,,3,4,,OT,,1451,1075,07:32,12:28,504,giveaway
,,,,,19,,,,,,,,,52,8476412,,,,,,,32,,,,,,,,8475799,tip-in,,,76,-3,O,1443,left,,3,4,,OT,,1451,1083,07:53,12:07,506,shot-on-goal
,,,,,,,,,,,,,,,,,,,,,,,,,,goalie-stopped-after-sog,,,,,,,,,,,674,left,,3,4,,OT,,1451,1084,07:55,12:05,516,stoppage
,,,,,,,,,,,,,,19,,,,,,,,,,8476480,,,,,,,,,8476889,69,-22,D,1444,left,,3,4,,OT,,1451,1086,07:55,12:05,502,faceoff
,,,,,,,,,,,,,,19,8476945,,,,,,,,,,,wide-left,,,,8476892,wrist,,,31,17,D,310,left,,3,4,,OT,,1451,1087,08:00,12:00,507,missed-shot
,,,,,,,,,,,,,,19,,,,,,8478891,8470600,,,,,,,,,,,,,96,-26,N,1511,left,,3,4,,OT,,1451,1089,08:13,11:47,503,hit
,,,,,,,8476892,,,,,,,52,,,,,,,,,,,,blocked,,,,8476480,,,,80,7,D,1501,left,,3,4,,OT,,1551,1091,08:20,11:40,508,blocked-shot
,,,,,,,8470600,,,,,,,52,,,,,,,,,,,,blocked,,,,8476480,,,,77,28,D,1502,left,,3,4,,OT,,1551,1092,08:22,11:38,508,blocked-shot
,,,,,,,8476331,,,,,,,19,,,,,,,,,,,,blocked,,,,8480281,,,,-65,-19,D,1504,left,,3,4,,OT,,1551,1096,08:29,11:31,508,blocked-shot
,,,,,,,,,,,,,,,,,,,,,,,,,,puck-in-netting,,,,,,,,,,,675,left,,3,4,,OT,,1551,1097,08:31,11:29,516,stoppage
,,,,,,,,,,,,,,19,,,,,,,,,,8476392,,,,,,,,,8475170,-69,-22,O,1505,left,,3,4,,OT,,1551,1100,08:31,11:29,502,faceoff
,,,,,19,,,,,,,,,52,8476412,,,,,,,33,,,,,,,,8479293,wrist,,,64,36,O,1512,left,,3,4,,OT,,1551,1101,08:50,11:10,506,shot-on-goal
,,,,,,,,,,,,,,,,,,,,,,,,,,goalie-stopped-after-sog,,,,,,,,,,,676,left,,3,4,,OT,,1551,1102,08:52,11:08,516,stoppage
,,,,,,,,,,,,,,52,,,,,,,,,,8480023,,,,,,,,,8476392,69,22,O,1513,left,,3,4,,OT,,1551,1105,08:52,11:08,502,faceoff
,,,,,,,,,,,,,,52,,,,,,,,,,,8480049,,,,,,,,,32,1,O,1523,left,,3,4,,OT,,1551,1106,08:57,11:03,504,giveaway
,,,,,20,,,,,,,,,19,8476945,,,,,,,33,,,,,,,,8476892,wrist,,,-59,9,O,1517,left,,3,4,,OT,,1551,1107,09:04,10:56,506,shot-on-goal
,,,,,,,,,,,,,,,,,,,,,,,,,,goalie-stopped-after-sog,,,,,,,,,,,677,left,,3,4,,OT,,1551,1109,09:05,10:55,516,stoppage
,,,,,,,,,,,,,,19,,,,,,,,,,8480289,,,,,,,,,8480023,-69,22,O,1518,left,,3,4,,OT,,1551,1112,09:05,10:55,502,faceoff
,,,,,,,,,,,,,,19,,,,,,,,,,,8475753,,,,,,,,,82,-36,D,1533,left,,3,4,,OT,,1551,1115,09:37,10:23,504,giveaway
,,,,,,,,,,,,,,52,8476412,,,,,,,,,,,wide-left,,,,8475799,tip-in,,,55,-10,O,1527,left,,3,4,,OT,,1551,1116,09:37,10:23,507,missed-shot
,,,,,,,,,,,,,,52,,,,,,8481598,8475799,,,,,,,,,,,,,89,32,O,1531,left,,3,4,,OT,,1551,1117,09:40,10:20,503,hit
,,,,,,,,,,,,,,19,,,,,,,,,,,8481598,,,,,,,,,89,32,D,1534,left,,3,4,,OT,,1551,1118,09:41,10:19,504,giveaway
,,,,,,,,,,,,,,,,,,,,,,,,,,puck-in-netting,,,ice-scrape,,,,,,,,678,left,,3,4,,OT,,1551,1120,10:03,09:57,516,stoppage
,,,,,,,,,,,,,,19,,,,,,,,,,8476480,,,,,,,,,8476889,69,-22,D,1528,left,,3,4,,OT,,1551,1123,10:03,09:57,502,faceoff
,,,,,,,,,,,,,,52,,,,,,,,,,,8482149,,,,,,,,,69,-42,O,1539,left,,3,4,,OT,,1551,1124,10:18,09:42,504,giveaway
,,,,,,,,,,,,,,,,,,,,,,,,,,puck-in-benches,,,,,,,,,,,679,left,,3,4,,OT,,1551,1125,10:27,09:33,516,stoppage
,,,,,,,,,,,,,,19,,,,,,,,,,8476392,,,,,,,,,8480023,-20,22,N,1535,left,,3,4,,OT,,1551,1128,10:27,09:33,502,faceoff
,,,,,20,,,,,,,,,52,8476412,,,,,,,34,,,,,,,,8478398,wrist,,,74,-23,O,1540,left,,3,4,,OT,,1551,1129,11:03,08:57,506,shot-on-goal
,,,,,,,,,,,,,,52,8476412,,,,,,,,,,,wide-left,,,,8476331,wrist,,,28,-10,O,1541,left,,3,4,,OT,,1551,1130,11:14,08:46,507,missed-shot
,,,,,,,,,,,,,,19,,,,,,,,,,,8479385,,,,,,,,,-85,17,O,1554,left,,3,4,,OT,,1551,1134,11:29,08:31,504,giveaway
,,,,,,,,,,,,,,19,8476945,,,,,,,,,,,wide-left,,,,8481598,wrist,,,-76,-27,O,1548,left,,3,4,,OT,,1551,1139,11:39,08:21,507,missed-shot
,,,,,,,,,,,,,,19,,,,,,8475799,8483516,,,,,,,,,,,,,-70,42,N,1559,left,,3,4,,OT,,1551,1140,11:43,08:17,503,hit
,,,,,,,,,,,,,,52,,,,,,8482089,8474568,,,,,,,,,,,,,-96,-6,D,1561,left,,3,4,,OT,,1551,1145,12:09,07:51,503,hit
,,,,,,,,,,,,,,,,,,,,,,,,,,puck-in-netting,,,,,,,,,,,680,left,,3,4,,OT,,1551,1147,12:24,07:36,516,stoppage
,,,,,,,,,,,,,,52,,,,,,,,,,8476897,,,,,,,,,8476952,0,0,N,1556,left,,3,4,,OT,,1551,1150,12:24,07:36,502,faceoff
,,,,,,,,,,,,,,52,,,,,,8475764,8479293,,,,,,,,,,,,,82,-35,O,1565,left,,3,4,,OT,,1551,1151,12:31,07:29,503,hit
,,,,,,,,,,,,,,52,,,,,,8475764,8478891,,,,,,,,,,,,,73,41,O,1568,left,,3,4,,OT,,1551,1152,12:36,07:24,503,hit
,,,,,,,,,,,,,,,,,,,,,,,,,,icing,,,,,,,,,,,681,left,,3,4,,OT,,1551,1153,12:40,07:20,516,stoppage
,,,,,,,,,,,,,,19,,,,,,,,,,8476480,,,,,,,,,8476897,69,22,D,1562,left,,3,4,,OT,,1551,1155,12:40,07:20,502,faceoff
,,,,,,,,,,,,,,,,,,,,,,,,,,icing,,,,,,,,,,,682,left,,3,4,,OT,,1551,1156,12:47,07:13,516,stoppage
,,,,,,,,,,,,,,52,,,,,,,,,,8476897,,,,,,,,,8476480,69,22,O,1566,left,,3,4,,OT,,1551,1157,12:47,07:13,502,faceoff
,,,,,,,8478472,,,,,,,52,,,,,,,,,,,,blocked,,,,8480145,,,,58,-22,D,1570,left,,3,4,,OT,,1551,1158,12:51,07:09,508,blocked-shot
,,,,,,,,,,,,,,,,,,,,,,,,,,skater-puck-frozen,,,,,,,,,,,683,left,,3,4,,OT,,1551,1159,12:55,07:05,516,stoppage
,,,,,,,,,,,,,,19,,,,,,,,,,8480014,,,,,,,,,8476889,69,-22,D,1569,left,,3,4,,OT,,1551,1162,12:55,07:05,502,faceoff
,,,,,,,8475799,,,,,,,19,,,,,,,,,,,,blocked,,,,8475753,,,,-69,35,D,1574,left,,3,4,,OT,,1551,1163,13:07,06:53,508,blocked-shot
,,,,,,,,,,,,,,19,8476945,,,,,,,,,,,wide-right,,,,8477573,wrist,,,-75,-11,O,311,left,,3,4,,OT,,1551,1166,13:30,06:30,507,missed-shot
,,,,,,,,,,,,,,52,,,,,,8470600,8476392,,,,,,,,,,,,,96,26,O,1594,left,,3,4,,OT,,1551,1178,14:14,05:46,503,hit
,,,,,,,,,,,,,,52,8476412,,,,,,,,,,,above-crossbar,,,,8482149,wrist,,,69,12,O,1588,left,,3,4,,OT,,1551,1179,14:20,05:40,507,missed-shot
,,,,,20,,,,,,,,,52,8476412,,,,,,,35,,,,,,,,8477940,wrist,,,73,1,O,1595,left,,3,4,,OT,,1551,1185,14:56,05:04,506,shot-on-goal
,,,,,,,8482149,,,,,,,19,,,,,,,,,,,,blocked,,,,8481598,,,,-71,-15,D,312,left,,3,4,,OT,,1551,1188,15:06,04:54,508,blocked-shot
,,,,,,,,,,,,,,52,,,,,,,,,,,8476480,,,,,,,,,-31,-33,D,1607,left,,3,4,,OT,,1551,1190,15:12,04:48,525,takeaway
,,,,,,,,,,,,,,,,,,,,,,,,,,puck-in-benches,,,,,,,,,,,684,left,,3,4,,OT,,1551,1192,15:16,04:44,516,stoppage
,,,,,,,,,,,,,,19,,,,,,,,,,8480289,,,,,,,,,8476897,-69,22,O,1599,left,,3,4,,OT,,1551,1195,15:16,04:44,502,faceoff
,,,,,21,,,,,,,,,19,8476945,,,,,,,35,,,,,,,,8482737,wrist,,,-60,15,O,1604,left,,3,4,,OT,,1551,1196,15:18,04:42,506,shot-on-goal
,,,,,,,,,,,,,,,,,,,,,,,,,,goalie-stopped-after-sog,,,,,,,,,,,685,left,,3,4,,OT,,1551,1197,15:20,04:40,516,stoppage
,,,,,,,,,,,,,,52,,,,,,,,,,8476897,,,,,,,,,8480289,-69,22,D,1605,left,,3,4,,OT,,1551,1198,15:20,04:40,502,faceoff
,,,,,,,,,,,,,,52,8476412,,,,,,,,,,,wide-right,,,,8475799,wrist,,,62,37,O,356,left,,3,4,,OT,,1551,1200,15:45,04:15,507,missed-shot
,,,,,,,,,,,,,,,,,,,,,,,,,,goalie-stopped-after-sog,,,,,,,,,,,686,left,,3,4,,OT,,1551,1201,15:46,04:14,516,stoppage
,,,,,,,,,,,,,,52,,,,,,,,,,8480023,,,,,,,,,8476392,69,22,O,1609,left,,3,4,,OT,,1551,1204,15:46,04:14,502,faceoff
,,,,,,,,,,,,,,52,,,,,,8479385,8480049,,,,,,,,,,,,,-84,-39,D,1617,left,,3,4,,OT,,1551,1205,16:10,03:50,503,hit
,,,,,,,,,,,,,,52,,,,,,8481598,8480049,,,,,,,,,,,,,-98,11,D,1620,left,,3,4,,OT,,1551,1207,16:16,03:44,503,hit
,,,,,,,,,,,,,,,,,,,,,,,,,,skater-puck-frozen,,,,,,,,,,,687,left,,3,4,,OT,,1551,1211,17:05,02:55,516,stoppage
,,,,,,,,,,,,,,19,,,,,,,,,,8480289,,,,,,,,,8475170,-69,-22,O,1618,left,,3,4,,OT,,1551,1214,17:05,02:55,502,faceoff
,,,,,,,,,,,,,,,,,,,,,,,,,,icing,,,,,,,,,,,688,left,,3,4,,OT,,1551,1215,17:17,02:43,516,stoppage
,,,,,,,,,,,,,,19,,,,,,,,,,8480289,,,,,,,,,8475170,-69,-22,O,1625,left,,3,4,,OT,,1551,1216,17:17,02:43,502,faceoff
,,,,,,,,,,,,,,19,,,,,,8477938,8483516,,,,,,,,,,,,,-99,8,N,1635,left,,3,4,,OT,,1551,1217,17:26,02:34,503,hit
,,,,,,,,,,,,,,19,,,,,,,,,,,8480023,,,,,,,,,-95,4,O,1660,left,,3,4,,OT,,1551,1226,18:23,01:37,525,takeaway
,,,,,,,,,,,,,,19,8476945,,,,,,,,,,,high-and-wide-right,,,,8481598,slap,,,-26,-20,O,1637,left,,3,4,,OT,,1551,1227,18:26,01:34,507,missed-shot
,,,,,,,,,,,,,,52,,,,,,8479385,8477940,,,,,,,,,,,,,-87,35,D,1647,left,,3,4,,OT,,1551,1228,18:29,01:31,503,hit
,,,,,21,,,,,,,,,52,8476412,,,,,,,36,,,,,,,,8480145,slap,,,28,-31,O,1645,left,,3,4,,OT,,1551,1236,19:00,01:00,506,shot-on-goal
,,,,,,,,,,,,,,19,,,,,,8476331,8476889,,,,,,,,,,,,,-95,-22,N,1662,left,,3,4,,OT,,1551,1247,19:28,00:32,503,hit
,,,,,,,,,,,,,,,,,,,,,,,,,,icing,,,,,,,,,,,689,left,,3,4,,OT,,1551,1248,19:30,00:30,516,stoppage
,,,,,,,,,,,,,,19,,,,,,,,,,8480289,,,,,,,,,8475170,-69,-22,O,1657,left,,3,4,,OT,,1551,1250,19:30,00:30,502,faceoff
,,,,,,,,,,,,,,52,,,,,,8483516,8477938,,,,,,,,,,,,,-83,-37,O,1664,left,,3,4,,OT,,1551,1251,19:38,00:22,503,hit
,,,,,,,8480014,,,,,,,19,,,,,,,,,,,,blocked,,,,8475181,,,,-43,-24,D,1661,left,,3,4,,OT,,1551,1252,19:42,00:18,508,blocked-shot
,,,,,,,,,,,,,,,,,,,,,,,,,,,,,,,,,,,,,690,left,,3,4,,OT,,1551,1253,20:00,00:00,521,period-end
,,,,,,,,,,,,,,,,,,,,,,,,,,,,,,,,,,,,,1668,right,,3,5,2,OT,,1551,1260,00:00,20:00,520,period-start
,,,,,,,,,,,,,,52,,,,,,,,,,8476889,,,,,,,,,8480289,0,0,N,1667,right,,3,5,2,OT,,1551,1261,00:00,20:00,502,faceoff
,,,,,22,,,,,,,,,19,8476945,,,,,,,36,,,,,,,,8479385,wrist,,,53,-21,O,1676,right,,3,5,2,OT,,1551,1269,00:38,19:22,506,shot-on-goal
,,,,,,,,,,,,,,,,,,,,,,,,,,puck-in-netting,,,,,,,,,,,695,right,,3,5,2,OT,,1551,1270,00:40,19:20,516,stoppage
,,,,,,,,,,,,,,52,,,,,,,,,,8480023,,,,,,,,,8476392,69,-22,D,1677,right,,3,5,2,OT,,1551,1272,00:40,19:20,502,faceoff
,,,,,,,,,,,,,,19,8476945,,,,,,,,,,,wide-right,,,,8480023,wrist,,,56,15,O,1680,right,,3,5,2,OT,,1551,1273,00:51,19:09,507,missed-shot
,,,,,,,,,,,,,,52,,,,,,8479385,8480145,,,,,,,,,,,,,97,0,D,1692,right,,3,5,2,OT,,1551,1274,01:06,18:54,503,hit
,,,,,,,8482089,,,,,,,52,,,,,,,,,,,,blocked,,,,8477938,,,,-41,-33,D,1689,right,,3,5,2,OT,,1551,1281,01:30,18:30,508,blocked-shot
,,,,,22,,,,,,,,,52,8476412,,,,,,,37,,,,,,,,8476331,wrist,,,-28,18,O,1690,right,,3,5,2,OT,,1551,1282,01:34,18:26,506,shot-on-goal
,,,,,,,,,,,,,,52,8476412,,,,,,,,,,,wide-left,,,,8482149,slap,,,-70,-22,O,1700,right,,3,5,2,OT,,1551,1292,02:08,17:52,507,missed-shot
,,,,,,,8474568,,,,,,,19,,,,,,,,,,,,blocked,,,,8479385,,,,77,20,D,1708,right,,3,5,2,OT,,1551,1299,02:27,17:33,508,blocked-shot
,,,,,,,,,,,,,,19,8476945,,,,,,,,,,,wide-left,,,,8475181,tip-in,,,76,1,O,1710,right,,3,5,2,OT,,1551,1301,02:35,17:25,507,missed-shot
,,,,,,,,,,,,,,52,8476412,,,,,,,,,,,wide-right,,,,8479293,wrist,,,-59,25,O,1712,right,,3,5,2,OT,,1551,1304,02:46,17:14,507,missed-shot
,,,,,,,,,,,,,,52,,,,,,8477402,8479293,,,,,,,,,,,,,-70,13,O,1729,right,,3,5,2,OT,,1551,1305,02:46,17:14,503,hit
,,,,,22,,,,,,,,,52,8476412,,,,,,,38,,,,,,,,8476331,wrist,,,-28,31,O,1714,right,,3,5,2,OT,,1551,1306,02:51,17:09,506,shot-on-goal
,,,,,,,,,,,,,,52,8476412,,,,,,,,,,,wide-right,,,,8480145,wrist,,,-68,-31,O,1715,right,,3,5,2,OT,,1551,1307,02:55,17:05,507,missed-shot
,,,,,23,,,,,,,,,19,8476945,,,,,,,38,,,,,,,,8476892,wrist,,,33,-40,O,1725,right,,3,5,2,OT,,1551,1318,03:34,16:26,506,shot-on-goal
,,,,,,,,,,,,,,,,,,,,,,,,,,goalie-stopped-after-sog,,,,,,,,,,,696,right,,3,5,2,OT,,1551,1319,03:36,16:24,516,stoppage
,,,,,,,,,,,,,,52,,,,,,,,,,8475170,,,,,,,,,8480289,69,-22,D,1727,right,,3,5,2,OT,,1551,1322,03:36,16:24,502,faceoff
,,,,,23,,,,,,,,,52,8476412,,,,,,,39,,,,,,,,8476331,wrist,,,-37,16,O,1732,right,,3,5,2,OT,,1551,1323,03:56,16:04,506,shot-on-goal
,,,,,,,,,,,,,,,,,,,,,,,,,,goalie-stopped-after-sog,,,,,,,,,,,697,right,,3,5,2,OT,,1551,1324,03:59,16:01,516,stoppage
,,,,,,,,,,,,,,19,,,,,,,,,,8476480,,,,,,,,,8480023,-69,22,D,1733,right,,3,5,2,OT,,1551,1327,03:59,16:01,502,faceoff
,,,,,,,,,,,,,,19,,,,,,8476480,8481598,,,,,,,,,,,,,-53,-39,N,1744,right,,3,5,2,OT,,1551,1328,04:14,15:46,503,hit
,,,,,,,8477940,,,,,,,19,,,,,,,,,,,,blocked,,,,8476897,,,,70,-18,D,1737,right,,3,5,2,OT,,1551,1329,04:20,15:40,508,blocked-shot
,,,,,,,,,,,,,,52,,,,,,8476892,8480113,,,,,,,,,,,,,-97,15,O,1756,right,,3,5,2,OT,,1551,1336,04:46,15:14,503,hit
,,,,,,,,,,,,,,19,,,,,,8476392,8477573,,,,,,,,,,,,,-5,40,N,1767,right,,3,5,2,OT,,1551,1339,05:04,14:56,503,hit
,,,,,,,,,,,,,,19,8476945,,,,,,,,,,,wide-left,,,,8470600,wrist,,,39,11,O,1754,right,,3,5,2,OT,,1551,1348,05:39,14:21,507,missed-shot
,,,,,,,,,,,,,,19,,,,,,8479293,8482089,,,,,,,,,,,,,44,-40,N,1785,right,,3,5,2,OT,,1551,1352,05:54,14:06,503,hit
,,,,,,,,,,,,,,19,,,,,,,,,,,8481598,,,,,,,,,-47,32,D,1787,right,,3,5,2,OT,,1551,1360,06:15,13:45,504,giveaway
,,,,,,,,,,,,,,52,,,,,,,,,,,8480145,,,,,,,,,55,-21,D,1792,right,,3,5,2,OT,,1551,1361,06:28,13:32,525,takeaway
,,,,,,,,,,,,,,19,,,,,,8475799,8482089,,,,,,,,,,,,,-7,-39,N,1791,right,,3,5,2,OT,,1551,1364,06:33,13:27,503,hit
,,,,,,,,,,,,,,19,8476945,,,,,,,,,,,wide-left,,,,8478472,tip-in,,,61,3,O,1777,right,,3,5,2,OT,,1551,1372,06:53,13:07,507,missed-shot
,,,,,,,,,,,,,,19,,,,,,8476331,8476897,,,,,,,,,,,,,93,27,N,1793,right,,3,5,2,OT,,1551,1373,06:56,13:04,503,hit
,,,,,,,,,,,,,,52,,,,,,,,,,,8476331,,,,,,,,,97,22,D,1794,right,,3,5,2,OT,,1551,1374,06:58,13:02,504,giveaway
,,,,,,,,,,,,,,19,8476945,,,,,,,,,,,wide-right,,,,8482737,tip-in,,,72,12,O,1778,right,,3,5,2,OT,,1551,1375,06:58,13:02,507,missed-shot
,,,,,24,,,,,,,,,19,8476945,,,,,,,39,,,,,,,,8478472,backhand,,,59,-7,O,1781,right,,3,5,2,OT,,1551,1378,07:14,12:46,506,shot-on-goal
,,,,,,,,,,,,,,,,,,,,,,,,,,goalie-stopped-after-sog,,,,,,,,,,,698,right,,3,5,2,OT,,1551,1379,07:16,12:44,516,stoppage
,,,,,,,,,,,,,,19,,,,,,,,,,8476392,,,,,,,,,8480023,69,-22,O,1782,right,,3,5,2,OT,,1551,1382,07:16,12:44,502,faceoff
,,,,,25,,,,,,,,,19,8476945,,,,,,,39,,,,,,,,8475753,wrist,,,42,-28,O,1788,right,,3,5,2,OT,,1551,1383,07:18,12:42,506,shot-on-goal
,,,,,,,,,,,,,,,,,,,,,,,,,,goalie-stopped-after-sog,,,,,,,,,,,699,right,,3,5,2,OT,,1551,1384,07:20,12:40,516,stoppage
,,,,,,,,,,,,,,52,,,,,,,,,,8480023,,,,,,,,,8476392,69,-22,D,1789,right,,3,5,2,OT,,1551,1385,07:20,12:40,502,faceoff
,,,,,,,,,,,,,,52,,,,,,8480023,8480113,,,,,,,,,,,,,10,38,N,1808,right,,3,5,2,OT,,1551,1388,07:50,12:10,503,hit
,,,,,,,,,,,,,,19,,,,,,8480145,8480281,,,,,,,,,,,,,-3,39,N,1824,right,,3,5,2,OT,,1551,1393,08:02,11:58,503,hit
,,,,,,,,,,,,,,19,,,,,,,,,,,8476892,,,,,,,,,-89,-34,D,1820,right,,3,5,2,OT,,1551,1395,08:11,11:49,504,giveaway
,,,,,,,,,,,,,,52,8476412,,,,,,,,,,,wide-right,,,,8480049,wrist,,,-29,-39,O,1802,right,,3,5,2,OT,,1551,1396,08:11,11:49,507,missed-shot
,,,,,25,,,,,,,,,52,8476412,,,,,,,40,,,,,,,,8474568,slap,,,-43,35,O,1813,right,,3,5,2,OT,,1551,1406,08:50,11:10,506,shot-on-goal
,,,,,,,,,,,,,,52,8476412,,,,,,,,,,,wide-left,,,,8477940,wrist,,,-74,-34,O,1814,right,,3,5,2,OT,,1551,1407,08:56,11:04,507,missed-shot
,,,,,25,,,,,,,,,52,8476412,,,,,,,41,,,,,,,,8482149,wrist,,,-59,33,O,1815,right,,3,5,2,OT,,1551,1408,09:18,10:42,506,shot-on-goal
,,,,,,,,,,,,,,52,,,,,,,,,,,8477940,,,,,,,,,-34,-40,O,1837,right,,3,5,2,OT,,1551,1415,09:30,10:30,504,giveaway
,,,,,,,,,,,,,,52,,,,,,8475753,8476392,,,,,,,,,,,,,-90,32,O,1839,right,,3,5,2,OT,,1551,1416,09:31,10:29,503,hit
,,,,,,,,,,,,,,19,,,,,,8476331,8476897,,,,,,,,,,,,,79,40,N,1840,right,,3,5,2,OT,,1551,1418,09:41,10:19,503,hit
,,,,,,,,,,,,,,52,,,,,,8476892,8480289,,,,,,,,,,,,,-66,-39,O,1842,right,,3,5,2,OT,,1551,1429,10:25,09:35,503,hit
,,,,,,,,,,,,,,,,,,,,,,,,,,icing,,,ice-scrape,,,,,,,,700,right,,3,5,2,OT,,1551,1430,10:28,09:32,516,stoppage
,,,,,,,,,,,,,,19,,,,,,,,,,8476392,,,,,,,,,8480023,-69,-22,D,1835,right,,3,5,2,OT,,1551,1432,10:28,09:32,502,faceoff
,,,,,,,,,,,,,,19,,,,,,,,,,,8476892,,,,,,,,,-95,-29,D,1849,right,,3,5,2,OT,,1551,1433,10:32,09:28,504,giveaway
,,,,,,,,,,,,,,,,,,,,,,,,,,puck-frozen,,,,,,,,,,,1451,right,,3,5,2,OT,,1551,1434,10:53,09:07,516,stoppage
,,,,,,,,,,,,,,52,,,,,,,,,,8476889,,,,,,,,,8480289,-69,22,O,1845,right,,3,5,2,OT,,1551,1437,10:53,09:07,502,faceoff
,,,,,,,8476889,,,,,,,52,,,,,,,,,,,,blocked,,,,8480145,,,,-65,14,D,1850,right,,3,5,2,OT,,1551,1438,10:55,09:05,508,blocked-shot
,,,,,,,,,,,,,,52,,,,,,8480281,8479293,,,,,,,,,,,,,94,-23,D,1860,right,,3,5,2,OT,,1551,1439,11:04,08:56,503,hit
,,,,,,,8479293,,,,,,,19,,,,,,,,,,,,blocked,,,,8475753,,,,69,-11,D,1851,right,,3,5,2,OT,,1551,1440,11:09,08:51,508,blocked-shot
,,,,,26,,,,,,,,,19,8476945,,,,,,,41,,,,,,,,8477573,tip-in,,,68,17,O,1853,right,,3,5,2,OT,,1551,1441,11:24,08:36,506,shot-on-goal
,,,,,,,,,,,,,,19,,,,,,8480145,8477573,,,,,,,,,,,,,72,40,N,1865,right,,3,5,2,OT,,1551,1442,11:28,08:32,503,hit
,,,,,,,,,,,,,,52,,,,,,,,,,,8480145,,,,,,,,,75,40,D,1864,right,,3,5,2,OT,,1551,1443,11:29,08:31,504,giveaway
,,,,,,,,,,,,,,,,,,,,,,,,,,icing,,,,,,,,,,,1452,right,,3,5,2,OT,,1551,1450,11:47,08:13,516,stoppage
,,,,,,,,,,,,,,19,,,,,,,,,,8476480,,,,,,,,,8480023,69,-22,O,1861,right,,3,5,2,OT,,1551,1452,11:47,08:13,502,faceoff
,,,,,,,,,,,,,,52,,,,,,8479385,8476480,,,,,,,,,,,,,33,-42,D,1879,right,,3,5,2,OT,,1551,1457,12:11,07:49,503,hit
,,,,,,,,,,,,,,19,,,,,,8480014,8475753,,,,,,,,,,,,,80,38,N,1896,right,,3,5,2,OT,,1551,1459,12:23,07:37,503,hit
,,,,,,,,,,,,,,19,,,,,,,,,,,8480023,,,,,,,,,80,38,O,1890,right,,3,5,2,OT,,1551,1460,12:25,07:35,525,takeaway
,,,,,,,,,,,,,,19,,,,,,,,,,,8479385,,,,,,,,,60,13,O,1892,right,,3,5,2,OT,,1551,1461,12:29,07:31,504,giveaway
,,,,,,,,,,,,,,19,,,,,,,,,,,8476892,,,,,,,,,99,-19,O,1914,right,,3,5,2,OT,,1551,1470,13:04,06:56,504,giveaway
,,,,,,,,,,,,,,19,,,,,,8476392,8477573,,,,,,,,,,,,,95,0,N,1915,right,,3,5,2,OT,,1551,1481,13:28,06:32,503,hit
,,,,,,,8478472,,,,,,,52,,,,,,,,,,,,blocked,,,,8480049,,,,-52,-28,D,1891,right,,3,5,2,OT,,1551,1482,13:44,06:16,508,blocked-shot
,,,,,26,,,,,,,,,52,8476412,,,,,,,42,,,,,,,,8476392,tip-in,,,-81,-5,O,1895,right,,3,5,2,OT,,1551,1485,13:54,06:06,506,shot-on-goal
,,,,,,,8475764,,,,,,,52,,,,,,,,,,,,blocked,,,,8480113,,,,-81,0,D,903,right,,3,5,2,OT,,1551,1486,13:56,06:04,508,blocked-shot
,,,,,26,,,,,,,,,52,8476412,,,,,,,43,,,,,,,,8475799,slap,,,-58,-30,O,1905,right,,3,5,2,OT,,1551,1495,14:38,05:22,506,shot-on-goal
,,,,,,,,,,,,,,52,,,,,,,,,,,8480289,,,,,,,,,-87,-37,O,1928,right,,3,5,2,OT,,1551,1504,15:02,04:58,504,giveaway
,,,,,,,8475764,,,,,,,52,,,,,,,,,,,,blocked,,,,8476392,,,,-75,18,D,1924,right,,3,5,2,OT,,1551,1514,15:43,04:17,508,blocked-shot
,,,,,,,,,,,,,,52,,,,,,,,,,,8480113,,,,,,,,,-77,39,O,1935,right,,3,5,2,OT,,1551,1515,15:48,04:12,525,takeaway
,,,,,,,,,,,,,,52,8476412,,,,,,,,,,,hit-right-post,,,,8480113,tip-in,,,-76,0,O,1927,right,,3,5,2,OT,,1551,1516,15:52,04:08,507,missed-shot
,8480145,4,8478398,8,,3,,,,6372354523112,6372353369112,,,52,8476412,6372354421112,6372351780112,https://nhl.com/video/stl-wpg-lowry-scores-goal-against-jordan-binnington-6372354421112,https://nhl.com/fr/video/stl-wpg-lowry-marque-un-but-contre-jordan-binnington-6372351780112,,,,4,,,,8476392,3,,,deflected,,,-80,0,O,1930,right,,3,5,2,OT,https://wsr.nhle.com/sprites/20242025/2024030157/ev1930.json,1551,1517,16:10,03:50,505,goal
,,,,,,,,,,,,,,,,,,,,,,,,,,,,,,,,,,,,,1453,right,,3,5,2,OT,,1551,1518,16:10,03:50,521,period-end
,,,,,,,,,,,,,,,,,,,,,,,,,,,,,,,,,,,,,1457,right,,3,5,2,OT,,0660,1522,16:10,03:50,524,game-end
